2026-09-17T05:28:50.724Z expo:env Loaded environment variables from: C:\Users\iceku\Documents\Codex\2026-09-17\c-gps-ev\Gps_EV\EVChargingMap\.env
2026-09-17T05:28:50.730Z expo:env C:\Users\iceku\Documents\Codex\2026-09-17\c-gps-ev\Gps_EV\EVChargingMap\.env.production does not exist, skipping this env file
2026-09-17T05:28:50.730Z expo:env C:\Users\iceku\Documents\Codex\2026-09-17\c-gps-ev\Gps_EV\EVChargingMap\.env.local does not exist, skipping this env file
2026-09-17T05:28:50.730Z expo:env C:\Users\iceku\Documents\Codex\2026-09-17\c-gps-ev\Gps_EV\EVChargingMap\.env.production.local does not exist, skipping this env file
env: load .env
env: export EXPO_PUBLIC_GOOGLE_MAPS_API_KEY EXPO_PUBLIC_GOOGLE_PLACES_API_KEY
2026-09-17T05:28:51.801Z expo:doctor:webSupport Ensuring web support is setup
2026-09-17T05:28:51.841Z expo:doctor:dependencies:getMissingPackages Required package "react-dom" found (no version constraint specified).
2026-09-17T05:28:51.843Z expo:doctor:dependencies:getMissingPackages Required package "react-native-web" found (no version constraint specified).
2026-09-17T05:28:51.878Z expo:start:server:devServer Stopping dev server (bundler: metro)
2026-09-17T05:28:51.878Z expo:start:server:devServer Stopped dev server (bundler: metro)
Using src/app as the root directory for Expo Router.

Expo Metro config:
- Version: 57.0.12
- Extensions: ts, tsx, mjs, js, jsx, json, cjs, scss, sass, css
- React Native: C:\Users\iceku\Documents\Codex\2026-09-17\c-gps-ev\Gps_EV\EVChargingMap\node_modules\react-native
- Watch Folders: 
- Node Module Paths: 
- Sass: null
- Reanimated: null
- Worklets: null
- Babel Runtime: null

React Compiler enabled
2026-09-17T05:28:53.731Z expo:metro:withMetroResolvers Appending 8 custom resolvers to Metro config. (has custom resolver: false)
2026-09-17T05:28:53.734Z expo:start:server:urlCreator URL: http://127.0.0.1:8081
Starting Metro Bundler

warning: Bundler cache is empty, rebuilding (this may take a minute)
Static rendering is enabled. Learn more: https://docs.expo.dev/router/web/static-rendering/
2026-09-17T05:28:55.197Z expo:favicon Storing asset for persisting: C:\Users\iceku\Documents\Codex\2026-09-17\c-gps-ev\Gps_EV\EVChargingMap\dist\favicon.ico
2026-09-17T05:28:55.210Z expo:metro:options Disabling lazy bundling for export build
2026-09-17T05:28:55.248Z expo:metro:options Disabling lazy bundling for export build
| 2026-09-17T05:28:59.011Z expo:babel:exports Found assignment to module.exports or exports at 3
| (node:46240) Warning: The 'NO_COLOR' env is ignored due to the 'FORCE_COLOR' env being set.
| (Use `node --trace-warnings ...` to show where the warning was created)
| (node:46240) Warning: The 'NO_COLOR' env is ignored due to the 'FORCE_COLOR' env being set.
| (Use `node --trace-warnings ...` to show where the warning was created)
| 2026-09-17T05:28:59.633Z expo:babel:exports Found assignment to module.exports or exports at 39
| 2026-09-17T05:28:59.701Z expo:babel:exports Found assignment to module.exports or exports at 36
| 2026-09-17T05:28:59.874Z expo:babel:exports Found assignment to module.exports or exports at 4
| 2026-09-17T05:28:59.906Z expo:babel:server-data-loaders Skipping file outside app directory: C:\Users\iceku\Documents\Codex\2026-09-17\c-gps-ev\Gps_EV\EVChargingMap\node_modules\react-native-web\dist\index.js
2026-09-17T05:29:00.170Z expo:start:server:metro:multi-platform Redirecting module "C:\Users\iceku\Documents\Codex\2026-09-17\c-gps-ev\Gps_EV\EVChargingMap\node_modules\react-native-web\dist\exports\BackHandler\index.js" to shim
| 2026-09-17T05:28:59.907Z expo:babel:server-data-loaders Skipping file outside app directory: C:\Users\iceku\Documents\Codex\2026-09-17\c-gps-ev\Gps_EV\EVChargingMap\node_modules\react-native-web\dist\index.js
| 2026-09-17T05:28:59.907Z expo:babel:server-data-loaders Skipping file outside app directory: C:\Users\iceku\Documents\Codex\2026-09-17\c-gps-ev\Gps_EV\EVChargingMap\node_modules\react-native-web\dist\index.js
| 2026-09-17T05:28:59.907Z expo:babel:server-data-loaders Skipping file outside app directory: C:\Users\iceku\Documents\Codex\2026-09-17\c-gps-ev\Gps_EV\EVChargingMap\node_modules\react-native-web\dist\index.js
| 2026-09-17T05:28:59.907Z expo:babel:server-data-loaders Skipping file outside app directory: C:\Users\iceku\Documents\Codex\2026-09-17\c-gps-ev\Gps_EV\EVChargingMap\node_modules\react-native-web\dist\index.js
| 2026-09-17T05:28:59.907Z expo:babel:server-data-loaders Skipping file outside app directory: C:\Users\iceku\Documents\Codex\2026-09-17\c-gps-ev\Gps_EV\EVChargingMap\node_modules\react-native-web\dist\index.js
| 2026-09-17T05:28:59.907Z expo:babel:server-data-loaders Skipping file outside app directory: C:\Users\iceku\Documents\Codex\2026-09-17\c-gps-ev\Gps_EV\EVChargingMap\node_modules\react-native-web\dist\index.js
| 2026-09-17T05:28:59.907Z expo:babel:server-data-loaders Skipping file outside app directory: C:\Users\iceku\Documents\Codex\2026-09-17\c-gps-ev\Gps_EV\EVChargingMap\node_modules\react-native-web\dist\index.js
| 2026-09-17T05:28:59.908Z expo:babel:server-data-loaders Skipping file outside app directory: C:\Users\iceku\Documents\Codex\2026-09-17\c-gps-ev\Gps_EV\EVChargingMap\node_modules\react-native-web\dist\index.js
| 2026-09-17T05:28:59.908Z expo:babel:server-data-loaders Skipping file outside app directory: C:\Users\iceku\Documents\Codex\2026-09-17\c-gps-ev\Gps_EV\EVChargingMap\node_modules\react-native-web\dist\index.js
| 2026-09-17T05:28:59.908Z expo:babel:server-data-loaders Skipping file outside app directory: C:\Users\iceku\Documents\Codex\2026-09-17\c-gps-ev\Gps_EV\EVChargingMap\node_modules\react-native-web\dist\index.js
| 2026-09-17T05:28:59.908Z expo:babel:server-data-loaders Skipping file outside app directory: C:\Users\iceku\Documents\Codex\2026-09-17\c-gps-ev\Gps_EV\EVChargingMap\node_modules\react-native-web\dist\index.js
| 2026-09-17T05:28:59.908Z expo:babel:server-data-loaders Skipping file outside app directory: C:\Users\iceku\Documents\Codex\2026-09-17\c-gps-ev\Gps_EV\EVChargingMap\node_modules\react-native-web\dist\index.js
| 2026-09-17T05:28:59.908Z expo:babel:server-data-loaders Skipping file outside app directory: C:\Users\iceku\Documents\Codex\2026-09-17\c-gps-ev\Gps_EV\EVChargingMap\node_modules\react-native-web\dist\index.js
| 2026-09-17T05:28:59.908Z expo:babel:server-data-loaders Skipping file outside app directory: C:\Users\iceku\Documents\Codex\2026-09-17\c-gps-ev\Gps_EV\EVChargingMap\node_modules\react-native-web\dist\index.js
| 2026-09-17T05:28:59.908Z expo:babel:server-data-loaders Skipping file outside app directory: C:\Users\iceku\Documents\Codex\2026-09-17\c-gps-ev\Gps_EV\EVChargingMap\node_modules\react-native-web\dist\index.js
| 2026-09-17T05:28:59.908Z expo:babel:server-data-loaders Skipping file outside app directory: C:\Users\iceku\Documents\Codex\2026-09-17\c-gps-ev\Gps_EV\EVChargingMap\node_modules\react-native-web\dist\index.js
| 2026-09-17T05:28:59.911Z expo:babel:server-data-loaders Skipping file outside app directory: C:\Users\iceku\Documents\Codex\2026-09-17\c-gps-ev\Gps_EV\EVChargingMap\node_modules\react-native-web\dist\index.js
| 2026-09-17T05:28:59.911Z expo:babel:server-data-loaders Skipping file outside app directory: C:\Users\iceku\Documents\Codex\2026-09-17\c-gps-ev\Gps_EV\EVChargingMap\node_modules\react-native-web\dist\index.js
| 2026-09-17T05:28:59.911Z expo:babel:server-data-loaders Skipping file outside app directory: C:\Users\iceku\Documents\Codex\2026-09-17\c-gps-ev\Gps_EV\EVChargingMap\node_modules\react-native-web\dist\index.js
| 2026-09-17T05:28:59.911Z expo:babel:server-data-loaders Skipping file outside app directory: C:\Users\iceku\Documents\Codex\2026-09-17\c-gps-ev\Gps_EV\EVChargingMap\node_modules\react-native-web\dist\index.js
| 2026-09-17T05:28:59.911Z expo:babel:server-data-loaders Skipping file outside app directory: C:\Users\iceku\Documents\Codex\2026-09-17\c-gps-ev\Gps_EV\EVChargingMap\node_modules\react-native-web\dist\index.js
| 2026-09-17T05:28:59.912Z expo:babel:server-data-loaders Skipping file outside app directory: C:\Users\iceku\Documents\Codex\2026-09-17\c-gps-ev\Gps_EV\EVChargingMap\node_modules\react-native-web\dist\index.js
| 2026-09-17T05:28:59.912Z expo:babel:server-data-loaders Skipping file outside app directory: C:\Users\iceku\Documents\Codex\2026-09-17\c-gps-ev\Gps_EV\EVChargingMap\node_modules\react-native-web\dist\index.js
| 2026-09-17T05:28:59.912Z expo:babel:server-data-loaders Skipping file outside app directory: C:\Users\iceku\Documents\Codex\2026-09-17\c-gps-ev\Gps_EV\EVChargingMap\node_modules\react-native-web\dist\index.js
| 2026-09-17T05:28:59.912Z expo:babel:server-data-loaders Skipping file outside app directory: C:\Users\iceku\Documents\Codex\2026-09-17\c-gps-ev\Gps_EV\EVChargingMap\node_modules\react-native-web\dist\index.js
| 2026-09-17T05:28:59.912Z expo:babel:server-data-loaders Skipping file outside app directory: C:\Users\iceku\Documents\Codex\2026-09-17\c-gps-ev\Gps_EV\EVChargingMap\node_modules\react-native-web\dist\index.js
| 2026-09-17T05:28:59.912Z expo:babel:server-data-loaders Skipping file outside app directory: C:\Users\iceku\Documents\Codex\2026-09-17\c-gps-ev\Gps_EV\EVChargingMap\node_modules\react-native-web\dist\index.js
| 2026-09-17T05:28:59.912Z expo:babel:server-data-loaders Skipping file outside app directory: C:\Users\iceku\Documents\Codex\2026-09-17\c-gps-ev\Gps_EV\EVChargingMap\node_modules\react-native-web\dist\index.js
| 2026-09-17T05:28:59.912Z expo:babel:server-data-loaders Skipping file outside app directory: C:\Users\iceku\Documents\Codex\2026-09-17\c-gps-ev\Gps_EV\EVChargingMap\node_modules\react-native-web\dist\index.js
| 2026-09-17T05:28:59.912Z expo:babel:server-data-loaders Skipping file outside app directory: C:\Users\iceku\Documents\Codex\2026-09-17\c-gps-ev\Gps_EV\EVChargingMap\node_modules\react-native-web\dist\index.js
| 2026-09-17T05:28:59.912Z expo:babel:server-data-loaders Skipping file outside app directory: C:\Users\iceku\Documents\Codex\2026-09-17\c-gps-ev\Gps_EV\EVChargingMap\node_modules\react-native-web\dist\index.js
| 2026-09-17T05:28:59.912Z expo:babel:server-data-loaders Skipping file outside app directory: C:\Users\iceku\Documents\Codex\2026-09-17\c-gps-ev\Gps_EV\EVChargingMap\node_modules\react-native-web\dist\index.js
| 2026-09-17T05:28:59.912Z expo:babel:server-data-loaders Skipping file outside app directory: C:\Users\iceku\Documents\Codex\2026-09-17\c-gps-ev\Gps_EV\EVChargingMap\node_modules\react-native-web\dist\index.js
| 2026-09-17T05:28:59.912Z expo:babel:server-data-loaders Skipping file outside app directory: C:\Users\iceku\Documents\Codex\2026-09-17\c-gps-ev\Gps_EV\EVChargingMap\node_modules\react-native-web\dist\index.js
| 2026-09-17T05:28:59.912Z expo:babel:server-data-loaders Skipping file outside app directory: C:\Users\iceku\Documents\Codex\2026-09-17\c-gps-ev\Gps_EV\EVChargingMap\node_modules\react-native-web\dist\index.js
| 2026-09-17T05:28:59.912Z expo:babel:server-data-loaders Skipping file outside app directory: C:\Users\iceku\Documents\Codex\2026-09-17\c-gps-ev\Gps_EV\EVChargingMap\node_modules\react-native-web\dist\index.js
| 2026-09-17T05:28:59.912Z expo:babel:server-data-loaders Skipping file outside app directory: C:\Users\iceku\Documents\Codex\2026-09-17\c-gps-ev\Gps_EV\EVChargingMap\node_modules\react-native-web\dist\index.js
| 2026-09-17T05:28:59.912Z expo:babel:server-data-loaders Skipping file outside app directory: C:\Users\iceku\Documents\Codex\2026-09-17\c-gps-ev\Gps_EV\EVChargingMap\node_modules\react-native-web\dist\index.js
| 2026-09-17T05:28:59.912Z expo:babel:server-data-loaders Skipping file outside app directory: C:\Users\iceku\Documents\Codex\2026-09-17\c-gps-ev\Gps_EV\EVChargingMap\node_modules\react-native-web\dist\index.js
| 2026-09-17T05:28:59.912Z expo:babel:server-data-loaders Skipping file outside app directory: C:\Users\iceku\Documents\Codex\2026-09-17\c-gps-ev\Gps_EV\EVChargingMap\node_modules\react-native-web\dist\index.js
| 2026-09-17T05:28:59.912Z expo:babel:server-data-loaders Skipping file outside app directory: C:\Users\iceku\Documents\Codex\2026-09-17\c-gps-ev\Gps_EV\EVChargingMap\node_modules\react-native-web\dist\index.js
| 2026-09-17T05:28:59.912Z expo:babel:server-data-loaders Skipping file outside app directory: C:\Users\iceku\Documents\Codex\2026-09-17\c-gps-ev\Gps_EV\EVChargingMap\node_modules\react-native-web\dist\index.js
| 2026-09-17T05:28:59.913Z expo:babel:server-data-loaders Skipping file outside app directory: C:\Users\iceku\Documents\Codex\2026-09-17\c-gps-ev\Gps_EV\EVChargingMap\node_modules\react-native-web\dist\index.js
| 2026-09-17T05:28:59.913Z expo:babel:server-data-loaders Skipping file outside app directory: C:\Users\iceku\Documents\Codex\2026-09-17\c-gps-ev\Gps_EV\EVChargingMap\node_modules\react-native-web\dist\index.js
| 2026-09-17T05:28:59.913Z expo:babel:server-data-loaders Skipping file outside app directory: C:\Users\iceku\Documents\Codex\2026-09-17\c-gps-ev\Gps_EV\EVChargingMap\node_modules\react-native-web\dist\index.js
| 2026-09-17T05:28:59.913Z expo:babel:server-data-loaders Skipping file outside app directory: C:\Users\iceku\Documents\Codex\2026-09-17\c-gps-ev\Gps_EV\EVChargingMap\node_modules\react-native-web\dist\index.js
| 2026-09-17T05:28:59.913Z expo:babel:server-data-loaders Skipping file outside app directory: C:\Users\iceku\Documents\Codex\2026-09-17\c-gps-ev\Gps_EV\EVChargingMap\node_modules\react-native-web\dist\index.js
| 2026-09-17T05:28:59.913Z expo:babel:server-data-loaders Skipping file outside app directory: C:\Users\iceku\Documents\Codex\2026-09-17\c-gps-ev\Gps_EV\EVChargingMap\node_modules\react-native-web\dist\index.js
| 2026-09-17T05:28:59.913Z expo:babel:server-data-loaders Skipping file outside app directory: C:\Users\iceku\Documents\Codex\2026-09-17\c-gps-ev\Gps_EV\EVChargingMap\node_modules\react-native-web\dist\index.js
| 2026-09-17T05:28:59.913Z expo:babel:server-data-loaders Skipping file outside app directory: C:\Users\iceku\Documents\Codex\2026-09-17\c-gps-ev\Gps_EV\EVChargingMap\node_modules\react-native-web\dist\index.js
| 2026-09-17T05:28:59.913Z expo:babel:server-data-loaders Skipping file outside app directory: C:\Users\iceku\Documents\Codex\2026-09-17\c-gps-ev\Gps_EV\EVChargingMap\node_modules\react-native-web\dist\index.js
| 2026-09-17T05:28:59.913Z expo:babel:server-data-loaders Skipping file outside app directory: C:\Users\iceku\Documents\Codex\2026-09-17\c-gps-ev\Gps_EV\EVChargingMap\node_modules\react-native-web\dist\index.js
| 2026-09-17T05:28:59.913Z expo:babel:server-data-loaders Skipping file outside app directory: C:\Users\iceku\Documents\Codex\2026-09-17\c-gps-ev\Gps_EV\EVChargingMap\node_modules\react-native-web\dist\index.js
| 2026-09-17T05:28:59.913Z expo:babel:server-data-loaders Skipping file outside app directory: C:\Users\iceku\Documents\Codex\2026-09-17\c-gps-ev\Gps_EV\EVChargingMap\node_modules\react-native-web\dist\index.js
| 2026-09-17T05:28:59.913Z expo:babel:server-data-loaders Skipping file outside app directory: C:\Users\iceku\Documents\Codex\2026-09-17\c-gps-ev\Gps_EV\EVChargingMap\node_modules\react-native-web\dist\index.js
| 2026-09-17T05:28:59.913Z expo:babel:server-data-loaders Skipping file outside app directory: C:\Users\iceku\Documents\Codex\2026-09-17\c-gps-ev\Gps_EV\EVChargingMap\node_modules\react-native-web\dist\index.js
| 2026-09-17T05:28:59.914Z expo:babel:server-data-loaders Skipping file outside app directory: C:\Users\iceku\Documents\Codex\2026-09-17\c-gps-ev\Gps_EV\EVChargingMap\node_modules\react-native-web\dist\index.js
| 2026-09-17T05:28:59.914Z expo:babel:server-data-loaders Skipping file outside app directory: C:\Users\iceku\Documents\Codex\2026-09-17\c-gps-ev\Gps_EV\EVChargingMap\node_modules\react-native-web\dist\index.js
| 2026-09-17T05:28:59.914Z expo:babel:server-data-loaders Skipping file outside app directory: C:\Users\iceku\Documents\Codex\2026-09-17\c-gps-ev\Gps_EV\EVChargingMap\node_modules\react-native-web\dist\index.js
| 2026-09-17T05:28:59.914Z expo:babel:server-data-loaders Skipping file outside app directory: C:\Users\iceku\Documents\Codex\2026-09-17\c-gps-ev\Gps_EV\EVChargingMap\node_modules\react-native-web\dist\index.js
| 2026-09-17T05:29:00.927Z expo:babel:server-data-loaders Skipping file outside app directory: C:\Users\iceku\Documents\Codex\2026-09-17\c-gps-ev\Gps_EV\EVChargingMap\node_modules\expo-router\_ctx.web.js
| 2026-09-17T05:29:00.928Z expo:babel:router getExpoRouterAppRoot C:\Users\iceku\Documents\Codex\2026-09-17\c-gps-ev\Gps_EV\EVChargingMap\node_modules\expo-router\_ctx.web.js C:\Users\iceku\Documents\Codex\2026-09-17\c-gps-ev\Gps_EV\EVChargingMap\src\app ..\..\src\app
| 2026-09-17T05:29:00.968Z expo:babel:server-data-loaders Skipping file outside app directory: C:\Users\iceku\Documents\Codex\2026-09-17\c-gps-ev\Gps_EV\EVChargingMap\node_modules\expo-router\head.js
| 2026-09-17T05:29:00.989Z expo:babel:exports Found assignment to module.exports or exports at 12
| 2026-09-17T05:29:01.011Z expo:babel:exports Found assignment to module.exports or exports at 1
| 2026-09-17T05:29:01.047Z expo:babel:server-data-loaders Skipping file outside app directory: C:\Users\iceku\Documents\Codex\2026-09-17\c-gps-ev\Gps_EV\EVChargingMap\node_modules\expo-font\build\server.js
| 2026-09-17T05:29:01.047Z expo:babel:server-data-loaders Skipping file outside app directory: C:\Users\iceku\Documents\Codex\2026-09-17\c-gps-ev\Gps_EV\EVChargingMap\node_modules\expo-font\build\server.js
| 2026-09-17T05:29:01.047Z expo:babel:server-data-loaders Skipping file outside app directory: C:\Users\iceku\Documents\Codex\2026-09-17\c-gps-ev\Gps_EV\EVChargingMap\node_modules\expo-font\build\server.js
| 2026-09-17T05:29:01.048Z expo:babel:server-data-loaders Skipping file outside app directory: C:\Users\iceku\Documents\Codex\2026-09-17\c-gps-ev\Gps_EV\EVChargingMap\node_modules\expo-font\build\server.js
| 2026-09-17T05:29:01.139Z expo:babel:exports Found assignment to module.exports or exports at 9
| 2026-09-17T05:29:01.205Z expo:babel:exports Found assignment to module.exports or exports at 9
| 2026-09-17T05:29:01.257Z expo:babel:exports Found assignment to module.exports or exports at 39
| 2026-09-17T05:29:01.313Z expo:babel:exports Found assignment to module.exports or exports at 9
| 2026-09-17T05:29:01.411Z expo:babel:exports Found assignment to module.exports or exports at 9
| 2026-09-17T05:29:01.462Z expo:babel:server-data-loaders Skipping file outside app directory: C:\Users\iceku\Documents\Codex\2026-09-17\c-gps-ev\Gps_EV\EVChargingMap\node_modules\react-native-web\dist\exports\render\index.js
| 2026-09-17T05:29:01.931Z expo:babel:server-data-loaders Skipping file outside app directory: C:\Users\iceku\Documents\Codex\2026-09-17\c-gps-ev\Gps_EV\EVChargingMap\node_modules\expo\src\Expo.ts
| 2026-09-17T05:29:01.933Z expo:babel:server-data-loaders Skipping file outside app directory: C:\Users\iceku\Documents\Codex\2026-09-17\c-gps-ev\Gps_EV\EVChargingMap\node_modules\expo\src\Expo.ts
| 2026-09-17T05:29:01.935Z expo:babel:server-data-loaders Skipping file outside app directory: C:\Users\iceku\Documents\Codex\2026-09-17\c-gps-ev\Gps_EV\EVChargingMap\node_modules\expo\src\Expo.ts
| 2026-09-17T05:29:01.935Z expo:babel:server-data-loaders Skipping file outside app directory: C:\Users\iceku\Documents\Codex\2026-09-17\c-gps-ev\Gps_EV\EVChargingMap\node_modules\expo\src\Expo.ts
| 2026-09-17T05:29:01.937Z expo:babel:server-data-loaders Skipping file outside app directory: C:\Users\iceku\Documents\Codex\2026-09-17\c-gps-ev\Gps_EV\EVChargingMap\node_modules\expo\src\Expo.ts
| 2026-09-17T05:29:01.938Z expo:babel:server-data-loaders Skipping file outside app directory: C:\Users\iceku\Documents\Codex\2026-09-17\c-gps-ev\Gps_EV\EVChargingMap\node_modules\expo\src\Expo.ts
| 2026-09-17T05:29:01.938Z expo:babel:server-data-loaders Skipping file outside app directory: C:\Users\iceku\Documents\Codex\2026-09-17\c-gps-ev\Gps_EV\EVChargingMap\node_modules\expo\src\Expo.ts
| (node:46240) Warning: The 'NO_COLOR' env is ignored due to the 'FORCE_COLOR' env being set.
| (Use `node --trace-warnings ...` to show where the warning was created)
| 2026-09-17T05:29:03.101Z expo:babel:exports Found assignment to module.exports or exports at 345
| 2026-09-17T05:29:03.163Z expo:babel:exports Found assignment to module.exports or exports at 26
| 2026-09-17T05:29:03.231Z expo:babel:server-data-loaders Skipping file outside app directory: C:\Users\iceku\Documents\Codex\2026-09-17\c-gps-ev\Gps_EV\EVChargingMap\node_modules\expo-modules-core\src\index.ts
| 2026-09-17T05:29:03.232Z expo:babel:server-data-loaders Skipping file outside app directory: C:\Users\iceku\Documents\Codex\2026-09-17\c-gps-ev\Gps_EV\EVChargingMap\node_modules\expo-modules-core\src\index.ts
| 2026-09-17T05:29:03.232Z expo:babel:server-data-loaders Skipping file outside app directory: C:\Users\iceku\Documents\Codex\2026-09-17\c-gps-ev\Gps_EV\EVChargingMap\node_modules\expo-modules-core\src\index.ts
| 2026-09-17T05:29:03.232Z expo:babel:server-data-loaders Skipping file outside app directory: C:\Users\iceku\Documents\Codex\2026-09-17\c-gps-ev\Gps_EV\EVChargingMap\node_modules\expo-modules-core\src\index.ts
| 2026-09-17T05:29:03.232Z expo:babel:server-data-loaders Skipping file outside app directory: C:\Users\iceku\Documents\Codex\2026-09-17\c-gps-ev\Gps_EV\EVChargingMap\node_modules\expo-modules-core\src\index.ts
| 2026-09-17T05:29:03.232Z expo:babel:server-data-loaders Skipping file outside app directory: C:\Users\iceku\Documents\Codex\2026-09-17\c-gps-ev\Gps_EV\EVChargingMap\node_modules\expo-modules-core\src\index.ts
| 2026-09-17T05:29:03.232Z expo:babel:server-data-loaders Skipping file outside app directory: C:\Users\iceku\Documents\Codex\2026-09-17\c-gps-ev\Gps_EV\EVChargingMap\node_modules\expo-modules-core\src\index.ts
| 2026-09-17T05:29:03.232Z expo:babel:server-data-loaders Skipping file outside app directory: C:\Users\iceku\Documents\Codex\2026-09-17\c-gps-ev\Gps_EV\EVChargingMap\node_modules\expo-modules-core\src\index.ts
| 2026-09-17T05:29:03.232Z expo:babel:server-data-loaders Skipping file outside app directory: C:\Users\iceku\Documents\Codex\2026-09-17\c-gps-ev\Gps_EV\EVChargingMap\node_modules\expo-modules-core\src\index.ts
| 2026-09-17T05:29:03.232Z expo:babel:server-data-loaders Skipping file outside app directory: C:\Users\iceku\Documents\Codex\2026-09-17\c-gps-ev\Gps_EV\EVChargingMap\node_modules\expo-modules-core\src\index.ts
| 2026-09-17T05:29:03.232Z expo:babel:server-data-loaders Skipping file outside app directory: C:\Users\iceku\Documents\Codex\2026-09-17\c-gps-ev\Gps_EV\EVChargingMap\node_modules\expo-modules-core\src\index.ts
| 2026-09-17T05:29:03.232Z expo:babel:server-data-loaders Skipping file outside app directory: C:\Users\iceku\Documents\Codex\2026-09-17\c-gps-ev\Gps_EV\EVChargingMap\node_modules\expo-modules-core\src\index.ts
| 2026-09-17T05:29:03.328Z expo:babel:exports Found assignment to module.exports or exports at 3
| 2026-09-17T05:29:03.371Z expo:babel:exports Found assignment to module.exports or exports at 3
| 2026-09-17T05:29:03.410Z expo:babel:exports Found assignment to module.exports or exports at 3
| 2026-09-17T05:29:03.412Z expo:babel:server-data-loaders Skipping file outside app directory: C:\Users\iceku\Documents\Codex\2026-09-17\c-gps-ev\Gps_EV\EVChargingMap\node_modules\expo-font\build\ExpoFontLoader.web.js
| 2026-09-17T05:29:03.417Z expo:babel:server-data-loaders Skipping file outside app directory: C:\Users\iceku\Documents\Codex\2026-09-17\c-gps-ev\Gps_EV\EVChargingMap\node_modules\expo-font\build\serverContext.web.js
2026-09-17T05:29:03.479Z expo:start:server:metro:multi-platform Virtualizing Node.js "async_hooks"
| 2026-09-17T05:29:03.418Z expo:babel:server-data-loaders Skipping file outside app directory: C:\Users\iceku\Documents\Codex\2026-09-17\c-gps-ev\Gps_EV\EVChargingMap\node_modules\expo-font\build\serverContext.web.js
| 2026-09-17T05:29:03.418Z expo:babel:server-data-loaders Skipping file outside app directory: C:\Users\iceku\Documents\Codex\2026-09-17\c-gps-ev\Gps_EV\EVChargingMap\node_modules\expo-font\build\serverContext.web.js
| 2026-09-17T05:29:03.419Z expo:babel:server-data-loaders Skipping file outside app directory: C:\Users\iceku\Documents\Codex\2026-09-17\c-gps-ev\Gps_EV\EVChargingMap\node_modules\expo-font\build\serverContext.web.js
| 2026-09-17T05:29:03.420Z expo:babel:server-data-loaders Skipping file outside app directory: C:\Users\iceku\Documents\Codex\2026-09-17\c-gps-ev\Gps_EV\EVChargingMap\node_modules\expo-font\build\serverContext.web.js
| 2026-09-17T05:29:03.672Z expo:babel:exports Found assignment to module.exports or exports at 17
| 2026-09-17T05:29:03.641Z expo:babel:server-data-loaders Skipping file outside app directory: C:\Users\iceku\Documents\Codex\2026-09-17\c-gps-ev\Gps_EV\EVChargingMap\node_modules\expo-font\build\FontLoader.web.js
| 2026-09-17T05:29:03.641Z expo:babel:server-data-loaders Skipping file outside app directory: C:\Users\iceku\Documents\Codex\2026-09-17\c-gps-ev\Gps_EV\EVChargingMap\node_modules\expo-font\build\FontLoader.web.js
| 2026-09-17T05:29:03.707Z expo:babel:exports Found assignment to module.exports or exports at 3
| 2026-09-17T05:29:03.717Z expo:babel:exports Found assignment to module.exports or exports at 1
| 2026-09-17T05:29:03.729Z expo:babel:exports Found assignment to module.exports or exports at 36
| 2026-09-17T05:29:03.733Z expo:babel:exports Found assignment to module.exports or exports at 4
| (node:46240) Warning: The 'NO_COLOR' env is ignored due to the 'FORCE_COLOR' env being set.
| (Use `node --trace-warnings ...` to show where the warning was created)
| (node:46240) Warning: The 'NO_COLOR' env is ignored due to the 'FORCE_COLOR' env being set.
| (Use `node --trace-warnings ...` to show where the warning was created)
| (node:46240) Warning: The 'NO_COLOR' env is ignored due to the 'FORCE_COLOR' env being set.
| (Use `node --trace-warnings ...` to show where the warning was created)
| 2026-09-17T05:29:03.779Z expo:babel:exports Found assignment to module.exports or exports at 3
| 2026-09-17T05:29:03.803Z expo:babel:exports Found assignment to module.exports or exports at 17
| 2026-09-17T05:29:03.899Z expo:babel:exports Found assignment to module.exports or exports at 1
| 2026-09-17T05:29:03.864Z expo:babel:server-data-loaders Skipping file outside app directory: C:\Users\iceku\Documents\Codex\2026-09-17\c-gps-ev\Gps_EV\EVChargingMap\node_modules\expo-router\_ctx-html.js
| 2026-09-17T05:29:03.867Z expo:babel:router getExpoRouterAppRoot C:\Users\iceku\Documents\Codex\2026-09-17\c-gps-ev\Gps_EV\EVChargingMap\node_modules\expo-router\_ctx-html.js C:\Users\iceku\Documents\Codex\2026-09-17\c-gps-ev\Gps_EV\EVChargingMap\src\app ..\..\src\app
| 2026-09-17T05:29:03.792Z expo:babel:exports Found assignment to module.exports or exports at 3
| 2026-09-17T05:29:03.897Z expo:babel:exports Found assignment to module.exports or exports at 3
| 2026-09-17T05:29:03.972Z expo:babel:exports Found assignment to module.exports or exports at 3
| 2026-09-17T05:29:03.981Z expo:babel:exports Found assignment to module.exports or exports at 3
| 2026-09-17T05:29:03.969Z expo:babel:exports Found assignment to module.exports or exports at 3
| 2026-09-17T05:29:03.975Z expo:babel:server-data-loaders Skipping file outside app directory: C:\Users\iceku\Documents\Codex\2026-09-17\c-gps-ev\Gps_EV\EVChargingMap\node_modules\react-native-web\dist\modules\useLocale\index.js
| 2026-09-17T05:29:03.975Z expo:babel:server-data-loaders Skipping file outside app directory: C:\Users\iceku\Documents\Codex\2026-09-17\c-gps-ev\Gps_EV\EVChargingMap\node_modules\react-native-web\dist\modules\useLocale\index.js
| 2026-09-17T05:29:03.976Z expo:babel:server-data-loaders Skipping file outside app directory: C:\Users\iceku\Documents\Codex\2026-09-17\c-gps-ev\Gps_EV\EVChargingMap\node_modules\react-native-web\dist\modules\useLocale\index.js
| 2026-09-17T05:29:04.000Z expo:babel:exports Found assignment to module.exports or exports at 35
| 2026-09-17T05:29:04.004Z expo:babel:server-data-loaders Skipping file outside app directory: C:\Users\iceku\Documents\Codex\2026-09-17\c-gps-ev\Gps_EV\EVChargingMap\node_modules\react-native-web\dist\exports\StyleSheet\dom\index.js
| 2026-09-17T05:29:04.073Z expo:babel:exports Found assignment to module.exports or exports at 461
| 2026-09-17T05:29:04.162Z expo:babel:exports Found assignment to module.exports or exports at 52
| 2026-09-17T05:29:04.197Z expo:babel:server-data-loaders Skipping file outside app directory: C:\Users\iceku\Documents\Codex\2026-09-17\c-gps-ev\Gps_EV\EVChargingMap\node_modules\@babel\runtime\helpers\esm\objectSpread2.js
2026-09-17T05:29:04.314Z expo:start:server:metro:multi-platform Redirecting module "C:\Users\iceku\Documents\Codex\2026-09-17\c-gps-ev\Gps_EV\EVChargingMap\node_modules\react-native-web\dist\exports\AppRegistry\AppContainer.js" to shim
| 2026-09-17T05:29:04.233Z expo:babel:server-data-loaders Skipping file outside app directory: C:\Users\iceku\Documents\Codex\2026-09-17\c-gps-ev\Gps_EV\EVChargingMap\node_modules\react-native-web\dist\exports\AppRegistry\renderApplication.js
| (node:46240) Warning: The 'NO_COLOR' env is ignored due to the 'FORCE_COLOR' env being set.
| (Use `node --trace-warnings ...` to show where the warning was created)
| 2026-09-17T05:29:04.352Z expo:babel:server-data-loaders Skipping file outside app directory: C:\Users\iceku\Documents\Codex\2026-09-17\c-gps-ev\Gps_EV\EVChargingMap\node_modules\expo-modules-core\src\index.ts
| 2026-09-17T05:29:04.352Z expo:babel:server-data-loaders Skipping file outside app directory: C:\Users\iceku\Documents\Codex\2026-09-17\c-gps-ev\Gps_EV\EVChargingMap\node_modules\expo-modules-core\src\index.ts
| 2026-09-17T05:29:04.353Z expo:babel:server-data-loaders Skipping file outside app directory: C:\Users\iceku\Documents\Codex\2026-09-17\c-gps-ev\Gps_EV\EVChargingMap\node_modules\expo-modules-core\src\index.ts
| 2026-09-17T05:29:04.357Z expo:babel:server-data-loaders Skipping file outside app directory: C:\Users\iceku\Documents\Codex\2026-09-17\c-gps-ev\Gps_EV\EVChargingMap\node_modules\expo-modules-core\src\index.ts
| 2026-09-17T05:29:04.357Z expo:babel:server-data-loaders Skipping file outside app directory: C:\Users\iceku\Documents\Codex\2026-09-17\c-gps-ev\Gps_EV\EVChargingMap\node_modules\expo-modules-core\src\index.ts
| 2026-09-17T05:29:04.357Z expo:babel:server-data-loaders Skipping file outside app directory: C:\Users\iceku\Documents\Codex\2026-09-17\c-gps-ev\Gps_EV\EVChargingMap\node_modules\expo-modules-core\src\index.ts
| 2026-09-17T05:29:04.357Z expo:babel:server-data-loaders Skipping file outside app directory: C:\Users\iceku\Documents\Codex\2026-09-17\c-gps-ev\Gps_EV\EVChargingMap\node_modules\expo-modules-core\src\index.ts
| 2026-09-17T05:29:04.358Z expo:babel:server-data-loaders Skipping file outside app directory: C:\Users\iceku\Documents\Codex\2026-09-17\c-gps-ev\Gps_EV\EVChargingMap\node_modules\expo-modules-core\src\index.ts
| 2026-09-17T05:29:04.358Z expo:babel:server-data-loaders Skipping file outside app directory: C:\Users\iceku\Documents\Codex\2026-09-17\c-gps-ev\Gps_EV\EVChargingMap\node_modules\expo-modules-core\src\index.ts
| 2026-09-17T05:29:04.358Z expo:babel:server-data-loaders Skipping file outside app directory: C:\Users\iceku\Documents\Codex\2026-09-17\c-gps-ev\Gps_EV\EVChargingMap\node_modules\expo-modules-core\src\index.ts
| 2026-09-17T05:29:04.358Z expo:babel:server-data-loaders Skipping file outside app directory: C:\Users\iceku\Documents\Codex\2026-09-17\c-gps-ev\Gps_EV\EVChargingMap\node_modules\expo-modules-core\src\index.ts
| 2026-09-17T05:29:04.358Z expo:babel:server-data-loaders Skipping file outside app directory: C:\Users\iceku\Documents\Codex\2026-09-17\c-gps-ev\Gps_EV\EVChargingMap\node_modules\expo-modules-core\src\index.ts
| 2026-09-17T05:29:04.404Z expo:babel:exports Found assignment to module.exports or exports at 4
| 2026-09-17T05:29:04.493Z expo:babel:server-data-loaders Skipping file outside app directory: C:\Users\iceku\Documents\Codex\2026-09-17\c-gps-ev\Gps_EV\EVChargingMap\node_modules\react-native-web\dist\modules\requestIdleCallback\index.js
| 2026-09-17T05:29:04.558Z expo:babel:exports Found assignment to module.exports or exports at 8
| 2026-09-17T05:29:04.579Z expo:babel:server-data-loaders Skipping file outside app directory: C:\Users\iceku\Documents\Codex\2026-09-17\c-gps-ev\Gps_EV\EVChargingMap\node_modules\@babel\runtime\helpers\esm\extends.js
| 2026-09-17T05:29:04.621Z expo:babel:exports Found assignment to module.exports or exports at 14
| 2026-09-17T05:29:04.686Z expo:babel:server-data-loaders Skipping file outside app directory: C:\Users\iceku\Documents\Codex\2026-09-17\c-gps-ev\Gps_EV\EVChargingMap\node_modules\@babel\runtime\helpers\esm\objectWithoutPropertiesLoose.js
| 2026-09-17T05:29:04.689Z expo:babel:server-data-loaders Skipping file outside app directory: C:\Users\iceku\Documents\Codex\2026-09-17\c-gps-ev\Gps_EV\EVChargingMap\node_modules\react-native-web\dist\exports\StyleSheet\compiler\index.js
| 2026-09-17T05:29:04.725Z expo:babel:server-data-loaders Skipping file outside app directory: C:\Users\iceku\Documents\Codex\2026-09-17\c-gps-ev\Gps_EV\EVChargingMap\node_modules\react-native-web\dist\exports\StyleSheet\preprocess.js
| 2026-09-17T05:29:04.748Z expo:babel:exports Found assignment to module.exports or exports at 1
| 2026-09-17T05:29:04.758Z expo:babel:server-data-loaders Skipping file outside app directory: C:\Users\iceku\Documents\Codex\2026-09-17\c-gps-ev\Gps_EV\EVChargingMap\node_modules\react-native-web\dist\exports\StyleSheet\validate.js
| 2026-09-17T05:29:04.832Z expo:babel:server-data-loaders Skipping file outside app directory: C:\Users\iceku\Documents\Codex\2026-09-17\c-gps-ev\Gps_EV\EVChargingMap\node_modules\expo\src\errors\ExpoErrorManager.ts
| 2026-09-17T05:29:04.844Z expo:babel:server-data-loaders Skipping file outside app directory: C:\Users\iceku\Documents\Codex\2026-09-17\c-gps-ev\Gps_EV\EVChargingMap\node_modules\expo\src\hooks\useEvent.ts
| (node:46240) Warning: The 'NO_COLOR' env is ignored due to the 'FORCE_COLOR' env being set.
| (Use `node --trace-warnings ...` to show where the warning was created)
| 2026-09-17T05:29:04.845Z expo:babel:server-data-loaders Skipping file outside app directory: C:\Users\iceku\Documents\Codex\2026-09-17\c-gps-ev\Gps_EV\EVChargingMap\node_modules\expo\src\hooks\useEvent.ts
| 2026-09-17T05:29:04.833Z expo:babel:server-data-loaders Skipping file outside app directory: C:\Users\iceku\Documents\Codex\2026-09-17\c-gps-ev\Gps_EV\EVChargingMap\node_modules\expo\src\errors\ExpoErrorManager.ts
| 2026-09-17T05:29:04.874Z expo:babel:server-data-loaders Skipping file outside app directory: C:\Users\iceku\Documents\Codex\2026-09-17\c-gps-ev\Gps_EV\EVChargingMap\node_modules\expo\src\environment\ExpoGo.web.ts
| 2026-09-17T05:29:04.874Z expo:babel:server-data-loaders Skipping file outside app directory: C:\Users\iceku\Documents\Codex\2026-09-17\c-gps-ev\Gps_EV\EVChargingMap\node_modules\expo\src\environment\ExpoGo.web.ts
| 2026-09-17T05:29:04.726Z expo:babel:server-data-loaders Skipping file outside app directory: C:\Users\iceku\Documents\Codex\2026-09-17\c-gps-ev\Gps_EV\EVChargingMap\node_modules\react-native-web\dist\exports\StyleSheet\preprocess.js
| 2026-09-17T05:29:04.726Z expo:babel:server-data-loaders Skipping file outside app directory: C:\Users\iceku\Documents\Codex\2026-09-17\c-gps-ev\Gps_EV\EVChargingMap\node_modules\react-native-web\dist\exports\StyleSheet\preprocess.js
| 2026-09-17T05:29:04.727Z expo:babel:server-data-loaders Skipping file outside app directory: C:\Users\iceku\Documents\Codex\2026-09-17\c-gps-ev\Gps_EV\EVChargingMap\node_modules\react-native-web\dist\exports\StyleSheet\preprocess.js
| 2026-09-17T05:29:04.727Z expo:babel:server-data-loaders Skipping file outside app directory: C:\Users\iceku\Documents\Codex\2026-09-17\c-gps-ev\Gps_EV\EVChargingMap\node_modules\react-native-web\dist\exports\StyleSheet\preprocess.js
| 2026-09-17T05:29:04.727Z expo:babel:server-data-loaders Skipping file outside app directory: C:\Users\iceku\Documents\Codex\2026-09-17\c-gps-ev\Gps_EV\EVChargingMap\node_modules\react-native-web\dist\exports\StyleSheet\preprocess.js
| 2026-09-17T05:29:04.906Z expo:babel:server-data-loaders Skipping file outside app directory: C:\Users\iceku\Documents\Codex\2026-09-17\c-gps-ev\Gps_EV\EVChargingMap\node_modules\react-native-web\dist\modules\warnOnce\index.js
| 2026-09-17T05:29:04.692Z expo:babel:server-data-loaders Skipping file outside app directory: C:\Users\iceku\Documents\Codex\2026-09-17\c-gps-ev\Gps_EV\EVChargingMap\node_modules\react-native-web\dist\exports\StyleSheet\compiler\index.js
| 2026-09-17T05:29:04.693Z expo:babel:server-data-loaders Skipping file outside app directory: C:\Users\iceku\Documents\Codex\2026-09-17\c-gps-ev\Gps_EV\EVChargingMap\node_modules\react-native-web\dist\exports\StyleSheet\compiler\index.js
| 2026-09-17T05:29:04.694Z expo:babel:server-data-loaders Skipping file outside app directory: C:\Users\iceku\Documents\Codex\2026-09-17\c-gps-ev\Gps_EV\EVChargingMap\node_modules\react-native-web\dist\exports\StyleSheet\compiler\index.js
| 2026-09-17T05:29:04.930Z expo:babel:server-data-loaders Skipping file outside app directory: C:\Users\iceku\Documents\Codex\2026-09-17\c-gps-ev\Gps_EV\EVChargingMap\node_modules\react-native-web\dist\modules\ImageLoader\index.js
| 2026-09-17T05:29:05.222Z expo:babel:server-data-loaders Skipping file outside app directory: C:\Users\iceku\Documents\Codex\2026-09-17\c-gps-ev\Gps_EV\EVChargingMap\node_modules\react-native-web\dist\modules\forwardedProps\index.js
| 2026-09-17T05:29:05.223Z expo:babel:server-data-loaders Skipping file outside app directory: C:\Users\iceku\Documents\Codex\2026-09-17\c-gps-ev\Gps_EV\EVChargingMap\node_modules\react-native-web\dist\modules\forwardedProps\index.js
| 2026-09-17T05:29:05.223Z expo:babel:server-data-loaders Skipping file outside app directory: C:\Users\iceku\Documents\Codex\2026-09-17\c-gps-ev\Gps_EV\EVChargingMap\node_modules\react-native-web\dist\modules\forwardedProps\index.js
| 2026-09-17T05:29:05.223Z expo:babel:server-data-loaders Skipping file outside app directory: C:\Users\iceku\Documents\Codex\2026-09-17\c-gps-ev\Gps_EV\EVChargingMap\node_modules\react-native-web\dist\modules\forwardedProps\index.js
| 2026-09-17T05:29:05.223Z expo:babel:server-data-loaders Skipping file outside app directory: C:\Users\iceku\Documents\Codex\2026-09-17\c-gps-ev\Gps_EV\EVChargingMap\node_modules\react-native-web\dist\modules\forwardedProps\index.js
| 2026-09-17T05:29:05.223Z expo:babel:server-data-loaders Skipping file outside app directory: C:\Users\iceku\Documents\Codex\2026-09-17\c-gps-ev\Gps_EV\EVChargingMap\node_modules\react-native-web\dist\modules\forwardedProps\index.js
| 2026-09-17T05:29:05.223Z expo:babel:server-data-loaders Skipping file outside app directory: C:\Users\iceku\Documents\Codex\2026-09-17\c-gps-ev\Gps_EV\EVChargingMap\node_modules\react-native-web\dist\modules\forwardedProps\index.js
| 2026-09-17T05:29:05.223Z expo:babel:server-data-loaders Skipping file outside app directory: C:\Users\iceku\Documents\Codex\2026-09-17\c-gps-ev\Gps_EV\EVChargingMap\node_modules\react-native-web\dist\modules\forwardedProps\index.js
| 2026-09-17T05:29:05.291Z expo:babel:exports Found assignment to module.exports or exports at 54
| 2026-09-17T05:29:05.937Z expo:babel:exports Found assignment to module.exports or exports at 1
| 2026-09-17T05:29:06.054Z expo:babel:server-data-loaders Skipping file outside app directory: C:\Users\iceku\Documents\Codex\2026-09-17\c-gps-ev\Gps_EV\EVChargingMap\node_modules\expo-modules-core\src\NativeModule.ts
| 2026-09-17T05:29:06.074Z expo:babel:server-data-loaders Skipping file outside app directory: C:\Users\iceku\Documents\Codex\2026-09-17\c-gps-ev\Gps_EV\EVChargingMap\node_modules\expo-modules-core\src\SharedRef.ts
| 2026-09-17T05:29:06.080Z expo:babel:server-data-loaders Skipping file outside app directory: C:\Users\iceku\Documents\Codex\2026-09-17\c-gps-ev\Gps_EV\EVChargingMap\node_modules\expo-router\_ctx.web.js
| 2026-09-17T05:29:06.080Z expo:babel:router getExpoRouterAppRoot C:\Users\iceku\Documents\Codex\2026-09-17\c-gps-ev\Gps_EV\EVChargingMap\node_modules\expo-router\_ctx.web.js C:\Users\iceku\Documents\Codex\2026-09-17\c-gps-ev\Gps_EV\EVChargingMap\src\app ..\..\src\app
| 2026-09-17T05:29:06.119Z expo:babel:server-data-loaders Skipping file outside app directory: C:\Users\iceku\Documents\Codex\2026-09-17\c-gps-ev\Gps_EV\EVChargingMap\node_modules\expo-modules-core\src\EventEmitter.ts
| 2026-09-17T05:29:06.115Z expo:babel:server-data-loaders Skipping file outside app directory: C:\Users\iceku\Documents\Codex\2026-09-17\c-gps-ev\Gps_EV\EVChargingMap\node_modules\expo-modules-core\src\SharedObject.ts
| 2026-09-17T05:29:06.125Z expo:babel:server-data-loaders Skipping file outside app directory: C:\Users\iceku\Documents\Codex\2026-09-17\c-gps-ev\Gps_EV\EVChargingMap\node_modules\expo-modules-core\src\registerWebModule.ts
| 2026-09-17T05:29:06.133Z expo:babel:server-data-loaders Skipping file outside app directory: C:\Users\iceku\Documents\Codex\2026-09-17\c-gps-ev\Gps_EV\EVChargingMap\node_modules\expo-modules-core\src\requireNativeModule.web.ts
| 2026-09-17T05:29:06.150Z expo:babel:server-data-loaders Skipping file outside app directory: C:\Users\iceku\Documents\Codex\2026-09-17\c-gps-ev\Gps_EV\EVChargingMap\node_modules\expo-modules-core\src\PermissionsInterface.ts
| 2026-09-17T05:29:06.135Z expo:babel:server-data-loaders Skipping file outside app directory: C:\Users\iceku\Documents\Codex\2026-09-17\c-gps-ev\Gps_EV\EVChargingMap\node_modules\expo-modules-core\src\requireNativeModule.web.ts
| 2026-09-17T05:29:06.162Z expo:babel:server-data-loaders Skipping file outside app directory: C:\Users\iceku\Documents\Codex\2026-09-17\c-gps-ev\Gps_EV\EVChargingMap\node_modules\expo-modules-core\src\PermissionsHook.ts
| 2026-09-17T05:29:06.184Z expo:babel:server-data-loaders Skipping file outside app directory: C:\Users\iceku\Documents\Codex\2026-09-17\c-gps-ev\Gps_EV\EVChargingMap\node_modules\expo-modules-core\src\NativeViewManagerAdapter.tsx
| 2026-09-17T05:29:06.196Z expo:babel:server-data-loaders Skipping file outside app directory: C:\Users\iceku\Documents\Codex\2026-09-17\c-gps-ev\Gps_EV\EVChargingMap\node_modules\expo-modules-core\src\hooks\useReleasingSharedObject.ts
| 2026-09-17T05:29:06.203Z expo:babel:server-data-loaders Skipping file outside app directory: C:\Users\iceku\Documents\Codex\2026-09-17\c-gps-ev\Gps_EV\EVChargingMap\node_modules\expo-modules-core\src\errors\CodedError.ts
| 2026-09-17T05:29:06.219Z expo:babel:server-data-loaders Skipping file outside app directory: C:\Users\iceku\Documents\Codex\2026-09-17\c-gps-ev\Gps_EV\EVChargingMap\node_modules\expo-modules-core\src\Refs.ts
| 2026-09-17T05:29:06.223Z expo:babel:server-data-loaders Skipping file outside app directory: C:\Users\iceku\Documents\Codex\2026-09-17\c-gps-ev\Gps_EV\EVChargingMap\node_modules\expo-modules-core\src\worklets\index.ts
| 2026-09-17T05:29:06.168Z expo:babel:server-data-loaders Skipping file outside app directory: C:\Users\iceku\Documents\Codex\2026-09-17\c-gps-ev\Gps_EV\EVChargingMap\node_modules\expo-modules-core\src\hooks\useReleasingSharedObjectWithLifecycle.ts
| 2026-09-17T05:29:06.259Z expo:babel:server-data-loaders Skipping file outside app directory: C:\Users\iceku\Documents\Codex\2026-09-17\c-gps-ev\Gps_EV\EVChargingMap\node_modules\expo-modules-core\src\reload.ts
| 2026-09-17T05:29:06.291Z expo:babel:server-data-loaders Skipping file outside app directory: C:\Users\iceku\Documents\Codex\2026-09-17\c-gps-ev\Gps_EV\EVChargingMap\node_modules\expo-modules-core\src\LegacyEventEmitter.ts
| 2026-09-17T05:29:06.297Z expo:babel:server-data-loaders Skipping file outside app directory: C:\Users\iceku\Documents\Codex\2026-09-17\c-gps-ev\Gps_EV\EVChargingMap\node_modules\react-native-web\dist\index.js
| 2026-09-17T05:29:06.274Z expo:babel:server-data-loaders Skipping file outside app directory: C:\Users\iceku\Documents\Codex\2026-09-17\c-gps-ev\Gps_EV\EVChargingMap\node_modules\expo-modules-core\src\errors\UnavailabilityError.ts
| 2026-09-17T05:29:06.320Z expo:babel:exports Found assignment to module.exports or exports at 16
| 2026-09-17T05:29:06.357Z expo:babel:exports Found assignment to module.exports or exports at 4
| 2026-09-17T05:29:06.440Z expo:babel:server-data-loaders Skipping file outside app directory: C:\Users\iceku\Documents\Codex\2026-09-17\c-gps-ev\Gps_EV\EVChargingMap\node_modules\expo-font\build\Font.types.js
| 2026-09-17T05:29:06.462Z expo:babel:exports Found assignment to module.exports or exports at 6
2026-09-17T05:29:06.484Z expo:start:server:metro:multi-platform Redirecting module "C:\Users\iceku\Documents\Codex\2026-09-17\c-gps-ev\Gps_EV\EVChargingMap\node_modules\react-native-web\dist\exports\BackHandler\index.js" to shim
| 2026-09-17T05:29:06.297Z expo:babel:server-data-loaders Skipping file outside app directory: C:\Users\iceku\Documents\Codex\2026-09-17\c-gps-ev\Gps_EV\EVChargingMap\node_modules\react-native-web\dist\index.js
| 2026-09-17T05:29:06.297Z expo:babel:server-data-loaders Skipping file outside app directory: C:\Users\iceku\Documents\Codex\2026-09-17\c-gps-ev\Gps_EV\EVChargingMap\node_modules\react-native-web\dist\index.js
| 2026-09-17T05:29:06.297Z expo:babel:server-data-loaders Skipping file outside app directory: C:\Users\iceku\Documents\Codex\2026-09-17\c-gps-ev\Gps_EV\EVChargingMap\node_modules\react-native-web\dist\index.js
| 2026-09-17T05:29:06.297Z expo:babel:server-data-loaders Skipping file outside app directory: C:\Users\iceku\Documents\Codex\2026-09-17\c-gps-ev\Gps_EV\EVChargingMap\node_modules\react-native-web\dist\index.js
| 2026-09-17T05:29:06.297Z expo:babel:server-data-loaders Skipping file outside app directory: C:\Users\iceku\Documents\Codex\2026-09-17\c-gps-ev\Gps_EV\EVChargingMap\node_modules\react-native-web\dist\index.js
| 2026-09-17T05:29:06.297Z expo:babel:server-data-loaders Skipping file outside app directory: C:\Users\iceku\Documents\Codex\2026-09-17\c-gps-ev\Gps_EV\EVChargingMap\node_modules\react-native-web\dist\index.js
| 2026-09-17T05:29:06.297Z expo:babel:server-data-loaders Skipping file outside app directory: C:\Users\iceku\Documents\Codex\2026-09-17\c-gps-ev\Gps_EV\EVChargingMap\node_modules\react-native-web\dist\index.js
| 2026-09-17T05:29:06.297Z expo:babel:server-data-loaders Skipping file outside app directory: C:\Users\iceku\Documents\Codex\2026-09-17\c-gps-ev\Gps_EV\EVChargingMap\node_modules\react-native-web\dist\index.js
| 2026-09-17T05:29:06.297Z expo:babel:server-data-loaders Skipping file outside app directory: C:\Users\iceku\Documents\Codex\2026-09-17\c-gps-ev\Gps_EV\EVChargingMap\node_modules\react-native-web\dist\index.js
| 2026-09-17T05:29:06.297Z expo:babel:server-data-loaders Skipping file outside app directory: C:\Users\iceku\Documents\Codex\2026-09-17\c-gps-ev\Gps_EV\EVChargingMap\node_modules\react-native-web\dist\index.js
| 2026-09-17T05:29:06.297Z expo:babel:server-data-loaders Skipping file outside app directory: C:\Users\iceku\Documents\Codex\2026-09-17\c-gps-ev\Gps_EV\EVChargingMap\node_modules\react-native-web\dist\index.js
| 2026-09-17T05:29:06.297Z expo:babel:server-data-loaders Skipping file outside app directory: C:\Users\iceku\Documents\Codex\2026-09-17\c-gps-ev\Gps_EV\EVChargingMap\node_modules\react-native-web\dist\index.js
| 2026-09-17T05:29:06.297Z expo:babel:server-data-loaders Skipping file outside app directory: C:\Users\iceku\Documents\Codex\2026-09-17\c-gps-ev\Gps_EV\EVChargingMap\node_modules\react-native-web\dist\index.js
| 2026-09-17T05:29:06.297Z expo:babel:server-data-loaders Skipping file outside app directory: C:\Users\iceku\Documents\Codex\2026-09-17\c-gps-ev\Gps_EV\EVChargingMap\node_modules\react-native-web\dist\index.js
| 2026-09-17T05:29:06.297Z expo:babel:server-data-loaders Skipping file outside app directory: C:\Users\iceku\Documents\Codex\2026-09-17\c-gps-ev\Gps_EV\EVChargingMap\node_modules\react-native-web\dist\index.js
| 2026-09-17T05:29:06.297Z expo:babel:server-data-loaders Skipping file outside app directory: C:\Users\iceku\Documents\Codex\2026-09-17\c-gps-ev\Gps_EV\EVChargingMap\node_modules\react-native-web\dist\index.js
| 2026-09-17T05:29:06.298Z expo:babel:server-data-loaders Skipping file outside app directory: C:\Users\iceku\Documents\Codex\2026-09-17\c-gps-ev\Gps_EV\EVChargingMap\node_modules\react-native-web\dist\index.js
| 2026-09-17T05:29:06.298Z expo:babel:server-data-loaders Skipping file outside app directory: C:\Users\iceku\Documents\Codex\2026-09-17\c-gps-ev\Gps_EV\EVChargingMap\node_modules\react-native-web\dist\index.js
| 2026-09-17T05:29:06.298Z expo:babel:server-data-loaders Skipping file outside app directory: C:\Users\iceku\Documents\Codex\2026-09-17\c-gps-ev\Gps_EV\EVChargingMap\node_modules\react-native-web\dist\index.js
| 2026-09-17T05:29:06.298Z expo:babel:server-data-loaders Skipping file outside app directory: C:\Users\iceku\Documents\Codex\2026-09-17\c-gps-ev\Gps_EV\EVChargingMap\node_modules\react-native-web\dist\index.js
| 2026-09-17T05:29:06.298Z expo:babel:server-data-loaders Skipping file outside app directory: C:\Users\iceku\Documents\Codex\2026-09-17\c-gps-ev\Gps_EV\EVChargingMap\node_modules\react-native-web\dist\index.js
| 2026-09-17T05:29:06.298Z expo:babel:server-data-loaders Skipping file outside app directory: C:\Users\iceku\Documents\Codex\2026-09-17\c-gps-ev\Gps_EV\EVChargingMap\node_modules\react-native-web\dist\index.js
| 2026-09-17T05:29:06.298Z expo:babel:server-data-loaders Skipping file outside app directory: C:\Users\iceku\Documents\Codex\2026-09-17\c-gps-ev\Gps_EV\EVChargingMap\node_modules\react-native-web\dist\index.js
| 2026-09-17T05:29:06.298Z expo:babel:server-data-loaders Skipping file outside app directory: C:\Users\iceku\Documents\Codex\2026-09-17\c-gps-ev\Gps_EV\EVChargingMap\node_modules\react-native-web\dist\index.js
| 2026-09-17T05:29:06.298Z expo:babel:server-data-loaders Skipping file outside app directory: C:\Users\iceku\Documents\Codex\2026-09-17\c-gps-ev\Gps_EV\EVChargingMap\node_modules\react-native-web\dist\index.js
| 2026-09-17T05:29:06.298Z expo:babel:server-data-loaders Skipping file outside app directory: C:\Users\iceku\Documents\Codex\2026-09-17\c-gps-ev\Gps_EV\EVChargingMap\node_modules\react-native-web\dist\index.js
| 2026-09-17T05:29:06.298Z expo:babel:server-data-loaders Skipping file outside app directory: C:\Users\iceku\Documents\Codex\2026-09-17\c-gps-ev\Gps_EV\EVChargingMap\node_modules\react-native-web\dist\index.js
| 2026-09-17T05:29:06.298Z expo:babel:server-data-loaders Skipping file outside app directory: C:\Users\iceku\Documents\Codex\2026-09-17\c-gps-ev\Gps_EV\EVChargingMap\node_modules\react-native-web\dist\index.js
| 2026-09-17T05:29:06.298Z expo:babel:server-data-loaders Skipping file outside app directory: C:\Users\iceku\Documents\Codex\2026-09-17\c-gps-ev\Gps_EV\EVChargingMap\node_modules\react-native-web\dist\index.js
| 2026-09-17T05:29:06.298Z expo:babel:server-data-loaders Skipping file outside app directory: C:\Users\iceku\Documents\Codex\2026-09-17\c-gps-ev\Gps_EV\EVChargingMap\node_modules\react-native-web\dist\index.js
| 2026-09-17T05:29:06.298Z expo:babel:server-data-loaders Skipping file outside app directory: C:\Users\iceku\Documents\Codex\2026-09-17\c-gps-ev\Gps_EV\EVChargingMap\node_modules\react-native-web\dist\index.js
| 2026-09-17T05:29:06.298Z expo:babel:server-data-loaders Skipping file outside app directory: C:\Users\iceku\Documents\Codex\2026-09-17\c-gps-ev\Gps_EV\EVChargingMap\node_modules\react-native-web\dist\index.js
| 2026-09-17T05:29:06.298Z expo:babel:server-data-loaders Skipping file outside app directory: C:\Users\iceku\Documents\Codex\2026-09-17\c-gps-ev\Gps_EV\EVChargingMap\node_modules\react-native-web\dist\index.js
| 2026-09-17T05:29:06.298Z expo:babel:server-data-loaders Skipping file outside app directory: C:\Users\iceku\Documents\Codex\2026-09-17\c-gps-ev\Gps_EV\EVChargingMap\node_modules\react-native-web\dist\index.js
| 2026-09-17T05:29:06.298Z expo:babel:server-data-loaders Skipping file outside app directory: C:\Users\iceku\Documents\Codex\2026-09-17\c-gps-ev\Gps_EV\EVChargingMap\node_modules\react-native-web\dist\index.js
| 2026-09-17T05:29:06.298Z expo:babel:server-data-loaders Skipping file outside app directory: C:\Users\iceku\Documents\Codex\2026-09-17\c-gps-ev\Gps_EV\EVChargingMap\node_modules\react-native-web\dist\index.js
| 2026-09-17T05:29:06.298Z expo:babel:server-data-loaders Skipping file outside app directory: C:\Users\iceku\Documents\Codex\2026-09-17\c-gps-ev\Gps_EV\EVChargingMap\node_modules\react-native-web\dist\index.js
| 2026-09-17T05:29:06.298Z expo:babel:server-data-loaders Skipping file outside app directory: C:\Users\iceku\Documents\Codex\2026-09-17\c-gps-ev\Gps_EV\EVChargingMap\node_modules\react-native-web\dist\index.js
| 2026-09-17T05:29:06.298Z expo:babel:server-data-loaders Skipping file outside app directory: C:\Users\iceku\Documents\Codex\2026-09-17\c-gps-ev\Gps_EV\EVChargingMap\node_modules\react-native-web\dist\index.js
| 2026-09-17T05:29:06.298Z expo:babel:server-data-loaders Skipping file outside app directory: C:\Users\iceku\Documents\Codex\2026-09-17\c-gps-ev\Gps_EV\EVChargingMap\node_modules\react-native-web\dist\index.js
| 2026-09-17T05:29:06.298Z expo:babel:server-data-loaders Skipping file outside app directory: C:\Users\iceku\Documents\Codex\2026-09-17\c-gps-ev\Gps_EV\EVChargingMap\node_modules\react-native-web\dist\index.js
| 2026-09-17T05:29:06.298Z expo:babel:server-data-loaders Skipping file outside app directory: C:\Users\iceku\Documents\Codex\2026-09-17\c-gps-ev\Gps_EV\EVChargingMap\node_modules\react-native-web\dist\index.js
| 2026-09-17T05:29:06.298Z expo:babel:server-data-loaders Skipping file outside app directory: C:\Users\iceku\Documents\Codex\2026-09-17\c-gps-ev\Gps_EV\EVChargingMap\node_modules\react-native-web\dist\index.js
| 2026-09-17T05:29:06.298Z expo:babel:server-data-loaders Skipping file outside app directory: C:\Users\iceku\Documents\Codex\2026-09-17\c-gps-ev\Gps_EV\EVChargingMap\node_modules\react-native-web\dist\index.js
| 2026-09-17T05:29:06.298Z expo:babel:server-data-loaders Skipping file outside app directory: C:\Users\iceku\Documents\Codex\2026-09-17\c-gps-ev\Gps_EV\EVChargingMap\node_modules\react-native-web\dist\index.js
| 2026-09-17T05:29:06.298Z expo:babel:server-data-loaders Skipping file outside app directory: C:\Users\iceku\Documents\Codex\2026-09-17\c-gps-ev\Gps_EV\EVChargingMap\node_modules\react-native-web\dist\index.js
| 2026-09-17T05:29:06.298Z expo:babel:server-data-loaders Skipping file outside app directory: C:\Users\iceku\Documents\Codex\2026-09-17\c-gps-ev\Gps_EV\EVChargingMap\node_modules\react-native-web\dist\index.js
| 2026-09-17T05:29:06.298Z expo:babel:server-data-loaders Skipping file outside app directory: C:\Users\iceku\Documents\Codex\2026-09-17\c-gps-ev\Gps_EV\EVChargingMap\node_modules\react-native-web\dist\index.js
| 2026-09-17T05:29:06.298Z expo:babel:server-data-loaders Skipping file outside app directory: C:\Users\iceku\Documents\Codex\2026-09-17\c-gps-ev\Gps_EV\EVChargingMap\node_modules\react-native-web\dist\index.js
| 2026-09-17T05:29:06.299Z expo:babel:server-data-loaders Skipping file outside app directory: C:\Users\iceku\Documents\Codex\2026-09-17\c-gps-ev\Gps_EV\EVChargingMap\node_modules\react-native-web\dist\index.js
| 2026-09-17T05:29:06.299Z expo:babel:server-data-loaders Skipping file outside app directory: C:\Users\iceku\Documents\Codex\2026-09-17\c-gps-ev\Gps_EV\EVChargingMap\node_modules\react-native-web\dist\index.js
| 2026-09-17T05:29:06.299Z expo:babel:server-data-loaders Skipping file outside app directory: C:\Users\iceku\Documents\Codex\2026-09-17\c-gps-ev\Gps_EV\EVChargingMap\node_modules\react-native-web\dist\index.js
| 2026-09-17T05:29:06.299Z expo:babel:server-data-loaders Skipping file outside app directory: C:\Users\iceku\Documents\Codex\2026-09-17\c-gps-ev\Gps_EV\EVChargingMap\node_modules\react-native-web\dist\index.js
| 2026-09-17T05:29:06.299Z expo:babel:server-data-loaders Skipping file outside app directory: C:\Users\iceku\Documents\Codex\2026-09-17\c-gps-ev\Gps_EV\EVChargingMap\node_modules\react-native-web\dist\index.js
| 2026-09-17T05:29:06.302Z expo:babel:server-data-loaders Skipping file outside app directory: C:\Users\iceku\Documents\Codex\2026-09-17\c-gps-ev\Gps_EV\EVChargingMap\node_modules\react-native-web\dist\index.js
| 2026-09-17T05:29:06.302Z expo:babel:server-data-loaders Skipping file outside app directory: C:\Users\iceku\Documents\Codex\2026-09-17\c-gps-ev\Gps_EV\EVChargingMap\node_modules\react-native-web\dist\index.js
| 2026-09-17T05:29:06.302Z expo:babel:server-data-loaders Skipping file outside app directory: C:\Users\iceku\Documents\Codex\2026-09-17\c-gps-ev\Gps_EV\EVChargingMap\node_modules\react-native-web\dist\index.js
| 2026-09-17T05:29:06.302Z expo:babel:server-data-loaders Skipping file outside app directory: C:\Users\iceku\Documents\Codex\2026-09-17\c-gps-ev\Gps_EV\EVChargingMap\node_modules\react-native-web\dist\index.js
| 2026-09-17T05:29:06.302Z expo:babel:server-data-loaders Skipping file outside app directory: C:\Users\iceku\Documents\Codex\2026-09-17\c-gps-ev\Gps_EV\EVChargingMap\node_modules\react-native-web\dist\index.js
| 2026-09-17T05:29:06.302Z expo:babel:server-data-loaders Skipping file outside app directory: C:\Users\iceku\Documents\Codex\2026-09-17\c-gps-ev\Gps_EV\EVChargingMap\node_modules\react-native-web\dist\index.js
| 2026-09-17T05:29:06.472Z expo:babel:exports Found assignment to module.exports or exports at 3
| 2026-09-17T05:29:06.565Z expo:babel:server-data-loaders Skipping file outside app directory: C:\Users\iceku\Documents\Codex\2026-09-17\c-gps-ev\Gps_EV\EVChargingMap\node_modules\expo-modules-core\src\NativeModule.ts
| 2026-09-17T05:29:06.569Z expo:babel:server-data-loaders Skipping file outside app directory: C:\Users\iceku\Documents\Codex\2026-09-17\c-gps-ev\Gps_EV\EVChargingMap\node_modules\expo-modules-core\src\SharedObject.ts
| 2026-09-17T05:29:06.585Z expo:babel:server-data-loaders Skipping file outside app directory: C:\Users\iceku\Documents\Codex\2026-09-17\c-gps-ev\Gps_EV\EVChargingMap\node_modules\expo-modules-core\src\SharedRef.ts
| 2026-09-17T05:29:06.586Z expo:babel:server-data-loaders Skipping file outside app directory: C:\Users\iceku\Documents\Codex\2026-09-17\c-gps-ev\Gps_EV\EVChargingMap\node_modules\expo-modules-core\src\EventEmitter.ts
| 2026-09-17T05:29:06.606Z expo:babel:server-data-loaders Skipping file outside app directory: C:\Users\iceku\Documents\Codex\2026-09-17\c-gps-ev\Gps_EV\EVChargingMap\node_modules\expo-modules-core\src\requireNativeModule.web.ts
| 2026-09-17T05:29:06.606Z expo:babel:server-data-loaders Skipping file outside app directory: C:\Users\iceku\Documents\Codex\2026-09-17\c-gps-ev\Gps_EV\EVChargingMap\node_modules\expo-modules-core\src\requireNativeModule.web.ts
| 2026-09-17T05:29:06.643Z expo:babel:server-data-loaders Skipping file outside app directory: C:\Users\iceku\Documents\Codex\2026-09-17\c-gps-ev\Gps_EV\EVChargingMap\node_modules\expo-modules-core\src\NativeViewManagerAdapter.tsx
| 2026-09-17T05:29:06.654Z expo:babel:server-data-loaders Skipping file outside app directory: C:\Users\iceku\Documents\Codex\2026-09-17\c-gps-ev\Gps_EV\EVChargingMap\node_modules\expo-modules-core\src\PermissionsInterface.ts
| 2026-09-17T05:29:06.645Z expo:babel:server-data-loaders Skipping file outside app directory: C:\Users\iceku\Documents\Codex\2026-09-17\c-gps-ev\Gps_EV\EVChargingMap\node_modules\expo-modules-core\src\registerWebModule.ts
| 2026-09-17T05:29:06.698Z expo:babel:server-data-loaders Skipping file outside app directory: C:\Users\iceku\Documents\Codex\2026-09-17\c-gps-ev\Gps_EV\EVChargingMap\node_modules\expo-modules-core\src\PermissionsHook.ts
| 2026-09-17T05:29:06.707Z expo:babel:server-data-loaders Skipping file outside app directory: C:\Users\iceku\Documents\Codex\2026-09-17\c-gps-ev\Gps_EV\EVChargingMap\node_modules\expo-modules-core\src\hooks\useReleasingSharedObject.ts
| 2026-09-17T05:29:06.697Z expo:babel:server-data-loaders Skipping file outside app directory: C:\Users\iceku\Documents\Codex\2026-09-17\c-gps-ev\Gps_EV\EVChargingMap\node_modules\expo-modules-core\src\Refs.ts
| 2026-09-17T05:29:06.755Z expo:babel:server-data-loaders Skipping file outside app directory: C:\Users\iceku\Documents\Codex\2026-09-17\c-gps-ev\Gps_EV\EVChargingMap\node_modules\expo-modules-core\src\errors\CodedError.ts
| 2026-09-17T05:29:06.749Z expo:babel:server-data-loaders Skipping file outside app directory: C:\Users\iceku\Documents\Codex\2026-09-17\c-gps-ev\Gps_EV\EVChargingMap\node_modules\expo-modules-core\src\reload.ts
| 2026-09-17T05:29:06.781Z expo:babel:server-data-loaders Skipping file outside app directory: C:\Users\iceku\Documents\Codex\2026-09-17\c-gps-ev\Gps_EV\EVChargingMap\node_modules\expo-modules-core\src\LegacyEventEmitter.ts
| 2026-09-17T05:29:06.771Z expo:babel:server-data-loaders Skipping file outside app directory: C:\Users\iceku\Documents\Codex\2026-09-17\c-gps-ev\Gps_EV\EVChargingMap\node_modules\expo-modules-core\src\errors\UnavailabilityError.ts
| 2026-09-17T05:29:06.794Z expo:babel:server-data-loaders Skipping file outside app directory: C:\Users\iceku\Documents\Codex\2026-09-17\c-gps-ev\Gps_EV\EVChargingMap\node_modules\expo-modules-core\src\worklets\index.ts
| 2026-09-17T05:29:06.840Z expo:babel:server-data-loaders Skipping file outside app directory: C:\Users\iceku\Documents\Codex\2026-09-17\c-gps-ev\Gps_EV\EVChargingMap\node_modules\expo-modules-core\src\hooks\useReleasingSharedObjectWithLifecycle.ts
| 2026-09-17T05:29:06.933Z expo:babel:exports Found assignment to module.exports or exports at 3
| 2026-09-17T05:29:07.098Z expo:babel:exports Found assignment to module.exports or exports at 4
| 2026-09-17T05:29:07.205Z expo:babel:exports Found assignment to module.exports or exports at 4
| 2026-09-17T05:29:07.256Z expo:babel:exports Found assignment to module.exports or exports at 3
| 2026-09-17T05:29:07.335Z expo:babel:exports Found assignment to module.exports or exports at 8
| 2026-09-17T05:29:07.465Z expo:babel:exports Found assignment to module.exports or exports at 37
| 2026-09-17T05:29:07.567Z expo:babel:exports Found assignment to module.exports or exports at 6
| 2026-09-17T05:29:07.677Z expo:babel:exports Found assignment to module.exports or exports at 37
2026-09-17T05:29:07.942Z expo:start:server:metro:multi-platform Virtualizing Node.js "util"
2026-09-17T05:29:07.944Z expo:start:server:metro:multi-platform Virtualizing Node.js "crypto"
2026-09-17T05:29:07.945Z expo:start:server:metro:multi-platform Virtualizing Node.js "async_hooks"
2026-09-17T05:29:07.947Z expo:start:server:metro:multi-platform Virtualizing Node.js "stream"
| 2026-09-17T05:29:04.881Z expo:babel:exports Found assignment to module.exports or exports at 7262
| 2026-09-17T05:29:07.854Z expo:babel:exports Found assignment to module.exports or exports at 3
| 2026-09-17T05:29:06.982Z expo:babel:exports Found assignment to module.exports or exports at 37
| 2026-09-17T05:29:08.086Z expo:babel:exports Found assignment to module.exports or exports at 1
| 2026-09-17T05:29:08.148Z expo:babel:exports Found assignment to module.exports or exports at 3
| 2026-09-17T05:29:08.153Z expo:babel:exports Found assignment to module.exports or exports at 3
| 2026-09-17T05:29:08.175Z expo:babel:exports Found assignment to module.exports or exports at 3
| 2026-09-17T05:29:08.333Z expo:babel:exports Found assignment to module.exports or exports at 38
| 2026-09-17T05:29:08.383Z expo:babel:exports Found assignment to module.exports or exports at 8
| 2026-09-17T05:29:08.358Z expo:babel:exports Found assignment to module.exports or exports at 3
| 2026-09-17T05:29:08.439Z expo:babel:exports Found assignment to module.exports or exports at 8
| 2026-09-17T05:29:08.468Z expo:babel:exports Found assignment to module.exports or exports at 3
| 2026-09-17T05:29:08.600Z expo:babel:exports Found assignment to module.exports or exports at 4
| 2026-09-17T05:29:08.604Z expo:babel:exports Found assignment to module.exports or exports at 4
| 2026-09-17T05:29:08.613Z expo:babel:exports Found assignment to module.exports or exports at 37
| 2026-09-17T05:29:08.644Z expo:babel:exports Found assignment to module.exports or exports at 3
| 2026-09-17T05:29:08.682Z expo:babel:exports Found assignment to module.exports or exports at 3
| 2026-09-17T05:29:08.542Z expo:babel:exports Found assignment to module.exports or exports at 4
| 2026-09-17T05:29:08.689Z expo:babel:exports Found assignment to module.exports or exports at 4
| 2026-09-17T05:29:08.714Z expo:babel:exports Found assignment to module.exports or exports at 3
| 2026-09-17T05:29:08.716Z expo:babel:exports Found assignment to module.exports or exports at 4
| 2026-09-17T05:29:08.744Z expo:babel:exports Found assignment to module.exports or exports at 4
| 2026-09-17T05:29:08.747Z expo:babel:exports Found assignment to module.exports or exports at 17
| 2026-09-17T05:29:08.760Z expo:babel:exports Found assignment to module.exports or exports at 4
| 2026-09-17T05:29:08.814Z expo:babel:exports Found assignment to module.exports or exports at 37
| 2026-09-17T05:29:08.817Z expo:babel:exports Found assignment to module.exports or exports at 20
| 2026-09-17T05:29:08.785Z expo:babel:exports Found assignment to module.exports or exports at 37
| 2026-09-17T05:29:08.966Z expo:babel:exports Found assignment to module.exports or exports at 39
| 2026-09-17T05:29:08.969Z expo:babel:exports Found assignment to module.exports or exports at 3
| 2026-09-17T05:29:09.002Z expo:babel:exports Found assignment to module.exports or exports at 7
| 2026-09-17T05:29:09.032Z expo:babel:server-data-loaders Skipping file outside app directory: C:\Users\iceku\Documents\Codex\2026-09-17\c-gps-ev\Gps_EV\EVChargingMap\node_modules\react-native-web\dist\modules\useLocale\isLocaleRTL.js
| 2026-09-17T05:29:09.097Z expo:babel:exports Found assignment to module.exports or exports at 3
| 2026-09-17T05:29:09.184Z expo:babel:server-data-loaders Skipping file outside app directory: C:\Users\iceku\Documents\Codex\2026-09-17\c-gps-ev\Gps_EV\EVChargingMap\node_modules\@babel\runtime\helpers\esm\defineProperty.js
| 2026-09-17T05:29:09.220Z expo:babel:exports Found assignment to module.exports or exports at 32
| 2026-09-17T05:29:09.318Z expo:babel:exports Found assignment to module.exports or exports at 32
| 2026-09-17T05:29:09.330Z expo:babel:exports Found assignment to module.exports or exports at 12
| 2026-09-17T05:29:09.434Z expo:metro-config:transform-worker Parsed client boundaries: []
| 2026-09-17T05:29:09.440Z expo:babel:exports Found assignment to module.exports or exports at 2
| 2026-09-17T05:29:09.537Z expo:babel:exports Found assignment to module.exports or exports at 35
| 2026-09-17T05:29:09.600Z expo:babel:exports Found assignment to module.exports or exports at 28
| 2026-09-17T05:29:09.680Z expo:babel:server-data-loaders Skipping file outside app directory: C:\Users\iceku\Documents\Codex\2026-09-17\c-gps-ev\Gps_EV\EVChargingMap\node_modules\react-native-web\node_modules\memoize-one\dist\memoize-one.esm.js
| 2026-09-17T05:29:09.751Z expo:babel:server-data-loaders Skipping file outside app directory: C:\Users\iceku\Documents\Codex\2026-09-17\c-gps-ev\Gps_EV\EVChargingMap\node_modules\expo\src\launch\AppRegistry.ts
| 2026-09-17T05:29:09.844Z expo:babel:server-data-loaders Skipping file outside app directory: C:\Users\iceku\Documents\Codex\2026-09-17\c-gps-ev\Gps_EV\EVChargingMap\node_modules\react-native-web\dist\vendor\react-native\VirtualizeUtils\index.js
| 2026-09-17T05:29:09.845Z expo:babel:server-data-loaders Skipping file outside app directory: C:\Users\iceku\Documents\Codex\2026-09-17\c-gps-ev\Gps_EV\EVChargingMap\node_modules\react-native-web\dist\vendor\react-native\VirtualizeUtils\index.js
| 2026-09-17T05:29:09.846Z expo:babel:server-data-loaders Skipping file outside app directory: C:\Users\iceku\Documents\Codex\2026-09-17\c-gps-ev\Gps_EV\EVChargingMap\node_modules\react-native-web\dist\vendor\react-native\VirtualizeUtils\index.js
| 2026-09-17T05:29:09.850Z expo:babel:server-data-loaders Skipping file outside app directory: C:\Users\iceku\Documents\Codex\2026-09-17\c-gps-ev\Gps_EV\EVChargingMap\node_modules\react-native-web\dist\vendor\react-native\VirtualizeUtils\index.js
| 2026-09-17T05:29:09.982Z expo:babel:server-data-loaders Skipping file outside app directory: C:\Users\iceku\Documents\Codex\2026-09-17\c-gps-ev\Gps_EV\EVChargingMap\node_modules\react-native-web\dist\modules\modality\index.js
| 2026-09-17T05:29:10.090Z expo:babel:server-data-loaders Skipping file outside app directory: C:\Users\iceku\Documents\Codex\2026-09-17\c-gps-ev\Gps_EV\EVChargingMap\src\context\FavoritesContext.tsx
| 2026-09-17T05:29:10.107Z expo:babel:server-data-loaders Skipping file outside app directory: C:\Users\iceku\Documents\Codex\2026-09-17\c-gps-ev\Gps_EV\EVChargingMap\src\context\ThemeContext.tsx
| 2026-09-17T05:29:09.983Z expo:babel:server-data-loaders Skipping file outside app directory: C:\Users\iceku\Documents\Codex\2026-09-17\c-gps-ev\Gps_EV\EVChargingMap\node_modules\react-native-web\dist\modules\modality\index.js
| 2026-09-17T05:29:09.983Z expo:babel:server-data-loaders Skipping file outside app directory: C:\Users\iceku\Documents\Codex\2026-09-17\c-gps-ev\Gps_EV\EVChargingMap\node_modules\react-native-web\dist\modules\modality\index.js
| 2026-09-17T05:29:09.983Z expo:babel:server-data-loaders Skipping file outside app directory: C:\Users\iceku\Documents\Codex\2026-09-17\c-gps-ev\Gps_EV\EVChargingMap\node_modules\react-native-web\dist\modules\modality\index.js
| 2026-09-17T05:29:10.178Z expo:babel:exports Found assignment to module.exports or exports at 4
| 2026-09-17T05:29:10.191Z expo:babel:server-data-loaders Skipping file outside app directory: C:\Users\iceku\Documents\Codex\2026-09-17\c-gps-ev\Gps_EV\EVChargingMap\src\context\DistanceContext.tsx
| 2026-09-17T05:29:10.198Z expo:babel:server-data-loaders Skipping file outside app directory: C:\Users\iceku\Documents\Codex\2026-09-17\c-gps-ev\Gps_EV\EVChargingMap\src\data\stations.ts
| 2026-09-17T05:29:10.110Z expo:babel:server-data-loaders Skipping file outside app directory: C:\Users\iceku\Documents\Codex\2026-09-17\c-gps-ev\Gps_EV\EVChargingMap\src\context\ThemeContext.tsx
| 2026-09-17T05:29:10.102Z expo:babel:server-data-loaders Skipping file outside app directory: C:\Users\iceku\Documents\Codex\2026-09-17\c-gps-ev\Gps_EV\EVChargingMap\src\context\FavoritesContext.tsx
| 2026-09-17T05:29:10.200Z expo:babel:server-data-loaders Skipping file outside app directory: C:\Users\iceku\Documents\Codex\2026-09-17\c-gps-ev\Gps_EV\EVChargingMap\src\data\stations.ts
| 2026-09-17T05:29:10.271Z expo:babel:exports Found assignment to module.exports or exports at 38
| 2026-09-17T05:29:10.400Z expo:babel:exports Found assignment to module.exports or exports at 26
| 2026-09-17T05:29:10.197Z expo:babel:server-data-loaders Skipping file outside app directory: C:\Users\iceku\Documents\Codex\2026-09-17\c-gps-ev\Gps_EV\EVChargingMap\src\context\DistanceContext.tsx
| 2026-09-17T05:29:10.495Z expo:babel:server-data-loaders Skipping file outside app directory: C:\Users\iceku\Documents\Codex\2026-09-17\c-gps-ev\Gps_EV\EVChargingMap\node_modules\expo-modules-core\src\ts-declarations\SharedObject.ts
| 2026-09-17T05:29:10.509Z expo:babel:server-data-loaders Skipping file outside app directory: C:\Users\iceku\Documents\Codex\2026-09-17\c-gps-ev\Gps_EV\EVChargingMap\node_modules\expo-modules-core\src\ts-declarations\NativeModule.ts
| 2026-09-17T05:29:10.541Z expo:babel:server-data-loaders Skipping file outside app directory: C:\Users\iceku\Documents\Codex\2026-09-17\c-gps-ev\Gps_EV\EVChargingMap\node_modules\react-native-web\dist\modules\useResponderEvents\ResponderSystem.js
| 2026-09-17T05:29:10.558Z expo:babel:server-data-loaders Skipping file outside app directory: C:\Users\iceku\Documents\Codex\2026-09-17\c-gps-ev\Gps_EV\EVChargingMap\node_modules\expo-modules-core\src\ts-declarations\SharedRef.ts
| 2026-09-17T05:29:10.574Z expo:babel:server-data-loaders Skipping file outside app directory: C:\Users\iceku\Documents\Codex\2026-09-17\c-gps-ev\Gps_EV\EVChargingMap\node_modules\react-native-maps\src\index.ts
| 2026-09-17T05:29:10.517Z expo:babel:exports Found assignment to module.exports or exports at 6
| 2026-09-17T05:29:10.575Z expo:babel:server-data-loaders Skipping file outside app directory: C:\Users\iceku\Documents\Codex\2026-09-17\c-gps-ev\Gps_EV\EVChargingMap\node_modules\react-native-maps\src\index.ts
| 2026-09-17T05:29:10.575Z expo:babel:server-data-loaders Skipping file outside app directory: C:\Users\iceku\Documents\Codex\2026-09-17\c-gps-ev\Gps_EV\EVChargingMap\node_modules\react-native-maps\src\index.ts
| 2026-09-17T05:29:10.575Z expo:babel:server-data-loaders Skipping file outside app directory: C:\Users\iceku\Documents\Codex\2026-09-17\c-gps-ev\Gps_EV\EVChargingMap\node_modules\react-native-maps\src\index.ts
| 2026-09-17T05:29:10.575Z expo:babel:server-data-loaders Skipping file outside app directory: C:\Users\iceku\Documents\Codex\2026-09-17\c-gps-ev\Gps_EV\EVChargingMap\node_modules\react-native-maps\src\index.ts
| 2026-09-17T05:29:10.575Z expo:babel:server-data-loaders Skipping file outside app directory: C:\Users\iceku\Documents\Codex\2026-09-17\c-gps-ev\Gps_EV\EVChargingMap\node_modules\react-native-maps\src\index.ts
| 2026-09-17T05:29:10.575Z expo:babel:server-data-loaders Skipping file outside app directory: C:\Users\iceku\Documents\Codex\2026-09-17\c-gps-ev\Gps_EV\EVChargingMap\node_modules\react-native-maps\src\index.ts
| 2026-09-17T05:29:10.575Z expo:babel:server-data-loaders Skipping file outside app directory: C:\Users\iceku\Documents\Codex\2026-09-17\c-gps-ev\Gps_EV\EVChargingMap\node_modules\react-native-maps\src\index.ts
| 2026-09-17T05:29:10.575Z expo:babel:server-data-loaders Skipping file outside app directory: C:\Users\iceku\Documents\Codex\2026-09-17\c-gps-ev\Gps_EV\EVChargingMap\node_modules\react-native-maps\src\index.ts
| 2026-09-17T05:29:10.575Z expo:babel:server-data-loaders Skipping file outside app directory: C:\Users\iceku\Documents\Codex\2026-09-17\c-gps-ev\Gps_EV\EVChargingMap\node_modules\react-native-maps\src\index.ts
| 2026-09-17T05:29:10.575Z expo:babel:server-data-loaders Skipping file outside app directory: C:\Users\iceku\Documents\Codex\2026-09-17\c-gps-ev\Gps_EV\EVChargingMap\node_modules\react-native-maps\src\index.ts
| 2026-09-17T05:29:10.575Z expo:babel:server-data-loaders Skipping file outside app directory: C:\Users\iceku\Documents\Codex\2026-09-17\c-gps-ev\Gps_EV\EVChargingMap\node_modules\react-native-maps\src\index.ts
| 2026-09-17T05:29:10.575Z expo:babel:server-data-loaders Skipping file outside app directory: C:\Users\iceku\Documents\Codex\2026-09-17\c-gps-ev\Gps_EV\EVChargingMap\node_modules\react-native-maps\src\index.ts
| 2026-09-17T05:29:10.575Z expo:babel:server-data-loaders Skipping file outside app directory: C:\Users\iceku\Documents\Codex\2026-09-17\c-gps-ev\Gps_EV\EVChargingMap\node_modules\react-native-maps\src\index.ts
| 2026-09-17T05:29:10.576Z expo:babel:server-data-loaders Skipping file outside app directory: C:\Users\iceku\Documents\Codex\2026-09-17\c-gps-ev\Gps_EV\EVChargingMap\node_modules\react-native-maps\src\index.ts
| 2026-09-17T05:29:10.576Z expo:babel:server-data-loaders Skipping file outside app directory: C:\Users\iceku\Documents\Codex\2026-09-17\c-gps-ev\Gps_EV\EVChargingMap\node_modules\react-native-maps\src\index.ts
| 2026-09-17T05:29:10.576Z expo:babel:server-data-loaders Skipping file outside app directory: C:\Users\iceku\Documents\Codex\2026-09-17\c-gps-ev\Gps_EV\EVChargingMap\node_modules\react-native-maps\src\index.ts
| 2026-09-17T05:29:10.666Z expo:babel:server-data-loaders Skipping file outside app directory: C:\Users\iceku\Documents\Codex\2026-09-17\c-gps-ev\Gps_EV\EVChargingMap\node_modules\expo-location\build\index.js
| 2026-09-17T05:29:10.666Z expo:babel:server-data-loaders Skipping file outside app directory: C:\Users\iceku\Documents\Codex\2026-09-17\c-gps-ev\Gps_EV\EVChargingMap\node_modules\expo-location\build\index.js
| 2026-09-17T05:29:10.666Z expo:babel:server-data-loaders Skipping file outside app directory: C:\Users\iceku\Documents\Codex\2026-09-17\c-gps-ev\Gps_EV\EVChargingMap\node_modules\expo-location\build\index.js
| 2026-09-17T05:29:10.666Z expo:babel:server-data-loaders Skipping file outside app directory: C:\Users\iceku\Documents\Codex\2026-09-17\c-gps-ev\Gps_EV\EVChargingMap\node_modules\expo-location\build\index.js
| 2026-09-17T05:29:10.666Z expo:babel:server-data-loaders Skipping file outside app directory: C:\Users\iceku\Documents\Codex\2026-09-17\c-gps-ev\Gps_EV\EVChargingMap\node_modules\expo-location\build\index.js
| 2026-09-17T05:29:10.758Z expo:babel:server-data-loaders Skipping file outside app directory: C:\Users\iceku\Documents\Codex\2026-09-17\c-gps-ev\Gps_EV\EVChargingMap\node_modules\expo-modules-core\src\uuid\uuid.types.ts
| 2026-09-17T05:29:10.755Z expo:babel:server-data-loaders Skipping file outside app directory: C:\Users\iceku\Documents\Codex\2026-09-17\c-gps-ev\Gps_EV\EVChargingMap\node_modules\expo-modules-core\src\ensureNativeModulesAreInstalled.ts
| 2026-09-17T05:29:10.542Z expo:babel:server-data-loaders Skipping file outside app directory: C:\Users\iceku\Documents\Codex\2026-09-17\c-gps-ev\Gps_EV\EVChargingMap\node_modules\react-native-web\dist\modules\useResponderEvents\ResponderSystem.js
| 2026-09-17T05:29:10.542Z expo:babel:server-data-loaders Skipping file outside app directory: C:\Users\iceku\Documents\Codex\2026-09-17\c-gps-ev\Gps_EV\EVChargingMap\node_modules\react-native-web\dist\modules\useResponderEvents\ResponderSystem.js
| 2026-09-17T05:29:10.542Z expo:babel:server-data-loaders Skipping file outside app directory: C:\Users\iceku\Documents\Codex\2026-09-17\c-gps-ev\Gps_EV\EVChargingMap\node_modules\react-native-web\dist\modules\useResponderEvents\ResponderSystem.js
| 2026-09-17T05:29:10.543Z expo:babel:server-data-loaders Skipping file outside app directory: C:\Users\iceku\Documents\Codex\2026-09-17\c-gps-ev\Gps_EV\EVChargingMap\node_modules\react-native-web\dist\modules\useResponderEvents\ResponderSystem.js
| 2026-09-17T05:29:10.760Z expo:babel:server-data-loaders Skipping file outside app directory: C:\Users\iceku\Documents\Codex\2026-09-17\c-gps-ev\Gps_EV\EVChargingMap\node_modules\expo-modules-core\src\polyfill\dangerous-internal.ts
| 2026-09-17T05:29:10.791Z expo:babel:server-data-loaders Skipping file outside app directory: C:\Users\iceku\Documents\Codex\2026-09-17\c-gps-ev\Gps_EV\EVChargingMap\node_modules\expo-modules-core\src\environment\browser.web.ts
| 2026-09-17T05:29:10.816Z expo:babel:exports Found assignment to module.exports or exports at 51
| 2026-09-17T05:29:10.792Z expo:babel:server-data-loaders Skipping file outside app directory: C:\Users\iceku\Documents\Codex\2026-09-17\c-gps-ev\Gps_EV\EVChargingMap\node_modules\expo-modules-core\src\environment\browser.web.ts
| 2026-09-17T05:29:10.792Z expo:babel:server-data-loaders Skipping file outside app directory: C:\Users\iceku\Documents\Codex\2026-09-17\c-gps-ev\Gps_EV\EVChargingMap\node_modules\expo-modules-core\src\environment\browser.web.ts
| 2026-09-17T05:29:10.793Z expo:babel:server-data-loaders Skipping file outside app directory: C:\Users\iceku\Documents\Codex\2026-09-17\c-gps-ev\Gps_EV\EVChargingMap\node_modules\expo-modules-core\src\environment\browser.web.ts
| 2026-09-17T05:29:10.895Z expo:babel:server-data-loaders Skipping file outside app directory: C:\Users\iceku\Documents\Codex\2026-09-17\c-gps-ev\Gps_EV\EVChargingMap\node_modules\expo-modules-core\src\ts-declarations\NativeModule.ts
| 2026-09-17T05:29:10.897Z expo:babel:server-data-loaders Skipping file outside app directory: C:\Users\iceku\Documents\Codex\2026-09-17\c-gps-ev\Gps_EV\EVChargingMap\node_modules\react-native-web\dist\exports\render\index.js
| 2026-09-17T05:29:10.930Z expo:babel:server-data-loaders Skipping file outside app directory: C:\Users\iceku\Documents\Codex\2026-09-17\c-gps-ev\Gps_EV\EVChargingMap\node_modules\expo-modules-core\src\ts-declarations\SharedObject.ts
| 2026-09-17T05:29:10.945Z expo:babel:server-data-loaders Skipping file outside app directory: C:\Users\iceku\Documents\Codex\2026-09-17\c-gps-ev\Gps_EV\EVChargingMap\node_modules\expo-modules-core\src\ts-declarations\SharedRef.ts
| 2026-09-17T05:29:10.955Z expo:babel:server-data-loaders Skipping file outside app directory: C:\Users\iceku\Documents\Codex\2026-09-17\c-gps-ev\Gps_EV\EVChargingMap\node_modules\expo-modules-core\src\polyfill\dangerous-internal.ts
| 2026-09-17T05:29:11.048Z expo:babel:server-data-loaders Skipping file outside app directory: C:\Users\iceku\Documents\Codex\2026-09-17\c-gps-ev\Gps_EV\EVChargingMap\node_modules\expo-modules-core\src\ensureNativeModulesAreInstalled.ts
| 2026-09-17T05:29:11.089Z expo:babel:exports Found assignment to module.exports or exports at 17
| 2026-09-17T05:29:11.231Z expo:babel:server-data-loaders Skipping file outside app directory: C:\Users\iceku\Documents\Codex\2026-09-17\c-gps-ev\Gps_EV\EVChargingMap\node_modules\expo-modules-core\src\environment\browser.web.ts
| 2026-09-17T05:29:11.368Z expo:babel:exports Found assignment to module.exports or exports at 10
| 2026-09-17T05:29:11.382Z expo:babel:exports Found assignment to module.exports or exports at 49
| 2026-09-17T05:29:11.232Z expo:babel:server-data-loaders Skipping file outside app directory: C:\Users\iceku\Documents\Codex\2026-09-17\c-gps-ev\Gps_EV\EVChargingMap\node_modules\expo-modules-core\src\environment\browser.web.ts
| 2026-09-17T05:29:11.232Z expo:babel:server-data-loaders Skipping file outside app directory: C:\Users\iceku\Documents\Codex\2026-09-17\c-gps-ev\Gps_EV\EVChargingMap\node_modules\expo-modules-core\src\environment\browser.web.ts
| 2026-09-17T05:29:11.232Z expo:babel:server-data-loaders Skipping file outside app directory: C:\Users\iceku\Documents\Codex\2026-09-17\c-gps-ev\Gps_EV\EVChargingMap\node_modules\expo-modules-core\src\environment\browser.web.ts
| 2026-09-17T05:29:11.564Z expo:babel:exports Found assignment to module.exports or exports at 4
| 2026-09-17T05:29:11.420Z expo:babel:server-data-loaders Skipping file outside app directory: C:\Users\iceku\Documents\Codex\2026-09-17\c-gps-ev\Gps_EV\EVChargingMap\node_modules\expo-modules-core\src\uuid\uuid.types.ts
| 2026-09-17T05:29:05.570Z expo:babel:exports Found assignment to module.exports or exports at 6676
| 2026-09-17T05:29:11.694Z expo:babel:exports Found assignment to module.exports or exports at 37
| 2026-09-17T05:29:11.718Z expo:babel:exports Found assignment to module.exports or exports at 3
| 2026-09-17T05:29:11.743Z expo:babel:exports Found assignment to module.exports or exports at 3
| 2026-09-17T05:29:12.021Z expo:babel:exports Found assignment to module.exports or exports at 4
| 2026-09-17T05:29:12.087Z expo:babel:server-data-loaders Skipping file outside app directory: C:\Users\iceku\Documents\Codex\2026-09-17\c-gps-ev\Gps_EV\EVChargingMap\node_modules\expo-asset\build\Asset.js
| 2026-09-17T05:29:12.133Z expo:babel:server-data-loaders Skipping file outside app directory: C:\Users\iceku\Documents\Codex\2026-09-17\c-gps-ev\Gps_EV\EVChargingMap\node_modules\expo-asset\build\AssetHooks.js
| 2026-09-17T05:29:12.184Z expo:babel:exports Found assignment to module.exports or exports at 3
| 2026-09-17T05:29:12.022Z expo:babel:exports Found assignment to module.exports or exports at 37
| 2026-09-17T05:29:12.087Z expo:babel:server-data-loaders Skipping file outside app directory: C:\Users\iceku\Documents\Codex\2026-09-17\c-gps-ev\Gps_EV\EVChargingMap\node_modules\expo-asset\build\Asset.js
| 2026-09-17T05:29:12.272Z expo:babel:exports Found assignment to module.exports or exports at 3
| 2026-09-17T05:29:12.282Z expo:babel:exports Found assignment to module.exports or exports at 3
| 2026-09-17T05:29:12.294Z expo:babel:exports Found assignment to module.exports or exports at 17
| 2026-09-17T05:29:12.288Z expo:babel:exports Found assignment to module.exports or exports at 17
| 2026-09-17T05:29:12.336Z expo:babel:exports Found assignment to module.exports or exports at 8
| 2026-09-17T05:29:12.351Z expo:babel:exports Found assignment to module.exports or exports at 17
| 2026-09-17T05:29:12.321Z expo:babel:exports Found assignment to module.exports or exports at 3
| 2026-09-17T05:29:12.436Z expo:babel:exports Found assignment to module.exports or exports at 7
| 2026-09-17T05:29:12.452Z expo:babel:exports Found assignment to module.exports or exports at 35
| 2026-09-17T05:29:12.479Z expo:babel:exports Found assignment to module.exports or exports at 1
| 2026-09-17T05:29:12.495Z expo:babel:exports Found assignment to module.exports or exports at 3
| 2026-09-17T05:29:12.495Z expo:babel:exports Found assignment to module.exports or exports at 1
| 2026-09-17T05:29:12.496Z expo:babel:exports Found assignment to module.exports or exports at 6
| 2026-09-17T05:29:12.511Z expo:babel:exports Found assignment to module.exports or exports at 1
| 2026-09-17T05:29:12.524Z expo:babel:exports Found assignment to module.exports or exports at 5
| 2026-09-17T05:29:12.530Z expo:babel:exports Found assignment to module.exports or exports at 4
| 2026-09-17T05:29:12.556Z expo:babel:exports Found assignment to module.exports or exports at 3
| 2026-09-17T05:29:12.557Z expo:babel:exports Found assignment to module.exports or exports at 3
| 2026-09-17T05:29:12.558Z expo:babel:exports Found assignment to module.exports or exports at 6
| 2026-09-17T05:29:12.573Z expo:babel:exports Found assignment to module.exports or exports at 6
| 2026-09-17T05:29:12.577Z expo:babel:exports Found assignment to module.exports or exports at 3
| 2026-09-17T05:29:12.532Z expo:babel:exports Found assignment to module.exports or exports at 6
| 2026-09-17T05:29:12.628Z expo:babel:exports Found assignment to module.exports or exports at 3
| 2026-09-17T05:29:12.550Z expo:babel:exports Found assignment to module.exports or exports at 3
| 2026-09-17T05:29:12.630Z expo:babel:exports Found assignment to module.exports or exports at 37
| 2026-09-17T05:29:12.648Z expo:babel:exports Found assignment to module.exports or exports at 5
| 2026-09-17T05:29:12.655Z expo:babel:exports Found assignment to module.exports or exports at 3
| 2026-09-17T05:29:12.667Z expo:babel:exports Found assignment to module.exports or exports at 4
| 2026-09-17T05:29:12.669Z expo:babel:exports Found assignment to module.exports or exports at 3
| 2026-09-17T05:29:12.645Z expo:babel:exports Found assignment to module.exports or exports at 6
| 2026-09-17T05:29:12.699Z expo:babel:exports Found assignment to module.exports or exports at 3
| 2026-09-17T05:29:12.706Z expo:babel:exports Found assignment to module.exports or exports at 6
| 2026-09-17T05:29:12.678Z expo:babel:exports Found assignment to module.exports or exports at 6
| 2026-09-17T05:29:12.722Z expo:babel:exports Found assignment to module.exports or exports at 3
| 2026-09-17T05:29:12.739Z expo:babel:exports Found assignment to module.exports or exports at 37
| 2026-09-17T05:29:12.744Z expo:babel:server-data-loaders Skipping file outside app directory: C:\Users\iceku\Documents\Codex\2026-09-17\c-gps-ev\Gps_EV\EVChargingMap\src\services\directions.ts
| 2026-09-17T05:29:12.716Z expo:babel:exports Found assignment to module.exports or exports at 3
| 2026-09-17T05:29:12.776Z expo:babel:exports Found assignment to module.exports or exports at 3
| 2026-09-17T05:29:12.831Z expo:babel:exports Found assignment to module.exports or exports at 123
| 2026-09-17T05:29:12.820Z expo:babel:exports Found assignment to module.exports or exports at 3
| 2026-09-17T05:29:12.838Z expo:babel:exports Found assignment to module.exports or exports at 4
| 2026-09-17T05:29:12.844Z expo:babel:exports Found assignment to module.exports or exports at 36
| 2026-09-17T05:29:12.857Z expo:babel:exports Found assignment to module.exports or exports at 4
| 2026-09-17T05:29:12.888Z expo:babel:exports Found assignment to module.exports or exports at 5
| 2026-09-17T05:29:12.332Z expo:babel:exports Found assignment to module.exports or exports at 3
| 2026-09-17T05:29:12.935Z expo:babel:exports Found assignment to module.exports or exports at 4
| 2026-09-17T05:29:12.843Z expo:babel:exports Found assignment to module.exports or exports at 6
| 2026-09-17T05:29:12.947Z expo:babel:exports Found assignment to module.exports or exports at 3
| 2026-09-17T05:29:12.997Z expo:babel:exports Found assignment to module.exports or exports at 4
| 2026-09-17T05:29:12.975Z expo:babel:exports Found assignment to module.exports or exports at 4
| 2026-09-17T05:29:13.011Z expo:babel:exports Found assignment to module.exports or exports at 4
| 2026-09-17T05:29:13.015Z expo:babel:exports Found assignment to module.exports or exports at 4
| 2026-09-17T05:29:13.041Z expo:babel:exports Found assignment to module.exports or exports at 4
| 2026-09-17T05:29:13.055Z expo:babel:exports Found assignment to module.exports or exports at 4
| 2026-09-17T05:29:13.100Z expo:babel:exports Found assignment to module.exports or exports at 4
| 2026-09-17T05:29:13.109Z expo:babel:exports Found assignment to module.exports or exports at 4
| 2026-09-17T05:29:13.094Z expo:babel:exports Found assignment to module.exports or exports at 7
| 2026-09-17T05:29:13.151Z expo:babel:exports Found assignment to module.exports or exports at 40
| 2026-09-17T05:29:13.136Z expo:babel:exports Found assignment to module.exports or exports at 4
| 2026-09-17T05:29:13.180Z expo:babel:exports Found assignment to module.exports or exports at 3
| 2026-09-17T05:29:13.196Z expo:babel:exports Found assignment to module.exports or exports at 4
| 2026-09-17T05:29:13.094Z expo:babel:exports Found assignment to module.exports or exports at 4
| 2026-09-17T05:29:13.241Z expo:babel:exports Found assignment to module.exports or exports at 3
| 2026-09-17T05:29:13.187Z expo:babel:server-data-loaders Skipping file outside app directory: C:\Users\iceku\Documents\Codex\2026-09-17\c-gps-ev\Gps_EV\EVChargingMap\node_modules\expo-linking\build\Linking.js
| 2026-09-17T05:29:13.187Z expo:babel:server-data-loaders Skipping file outside app directory: C:\Users\iceku\Documents\Codex\2026-09-17\c-gps-ev\Gps_EV\EVChargingMap\node_modules\expo-linking\build\Linking.js
| 2026-09-17T05:29:13.187Z expo:babel:server-data-loaders Skipping file outside app directory: C:\Users\iceku\Documents\Codex\2026-09-17\c-gps-ev\Gps_EV\EVChargingMap\node_modules\expo-linking\build\Linking.js
| 2026-09-17T05:29:13.187Z expo:babel:server-data-loaders Skipping file outside app directory: C:\Users\iceku\Documents\Codex\2026-09-17\c-gps-ev\Gps_EV\EVChargingMap\node_modules\expo-linking\build\Linking.js
| 2026-09-17T05:29:13.188Z expo:babel:server-data-loaders Skipping file outside app directory: C:\Users\iceku\Documents\Codex\2026-09-17\c-gps-ev\Gps_EV\EVChargingMap\node_modules\expo-linking\build\Linking.js
| 2026-09-17T05:29:13.188Z expo:babel:server-data-loaders Skipping file outside app directory: C:\Users\iceku\Documents\Codex\2026-09-17\c-gps-ev\Gps_EV\EVChargingMap\node_modules\expo-linking\build\Linking.js
| 2026-09-17T05:29:13.188Z expo:babel:server-data-loaders Skipping file outside app directory: C:\Users\iceku\Documents\Codex\2026-09-17\c-gps-ev\Gps_EV\EVChargingMap\node_modules\expo-linking\build\Linking.js
| 2026-09-17T05:29:13.188Z expo:babel:server-data-loaders Skipping file outside app directory: C:\Users\iceku\Documents\Codex\2026-09-17\c-gps-ev\Gps_EV\EVChargingMap\node_modules\expo-linking\build\Linking.js
| 2026-09-17T05:29:13.188Z expo:babel:server-data-loaders Skipping file outside app directory: C:\Users\iceku\Documents\Codex\2026-09-17\c-gps-ev\Gps_EV\EVChargingMap\node_modules\expo-linking\build\Linking.js
| 2026-09-17T05:29:13.188Z expo:babel:server-data-loaders Skipping file outside app directory: C:\Users\iceku\Documents\Codex\2026-09-17\c-gps-ev\Gps_EV\EVChargingMap\node_modules\expo-linking\build\Linking.js
| 2026-09-17T05:29:13.188Z expo:babel:server-data-loaders Skipping file outside app directory: C:\Users\iceku\Documents\Codex\2026-09-17\c-gps-ev\Gps_EV\EVChargingMap\node_modules\expo-linking\build\Linking.js
| 2026-09-17T05:29:13.189Z expo:babel:server-data-loaders Skipping file outside app directory: C:\Users\iceku\Documents\Codex\2026-09-17\c-gps-ev\Gps_EV\EVChargingMap\node_modules\expo-linking\build\Linking.js
| 2026-09-17T05:29:13.187Z expo:babel:exports Found assignment to module.exports or exports at 7
| 2026-09-17T05:29:13.302Z expo:babel:exports Found assignment to module.exports or exports at 6
| 2026-09-17T05:29:13.324Z expo:babel:exports Found assignment to module.exports or exports at 3
| 2026-09-17T05:29:13.337Z expo:babel:exports Found assignment to module.exports or exports at 4
| 2026-09-17T05:29:13.429Z expo:babel:exports Found assignment to module.exports or exports at 4
| 2026-09-17T05:29:13.463Z expo:babel:exports Found assignment to module.exports or exports at 3
| 2026-09-17T05:29:13.526Z expo:babel:server-data-loaders Skipping file outside app directory: C:\Users\iceku\Documents\Codex\2026-09-17\c-gps-ev\Gps_EV\EVChargingMap\node_modules\expo-constants\build\Constants.js
| 2026-09-17T05:29:13.496Z expo:babel:exports Found assignment to module.exports or exports at 9
| 2026-09-17T05:29:13.560Z expo:babel:exports Found assignment to module.exports or exports at 7
| 2026-09-17T05:29:13.624Z expo:babel:exports Found assignment to module.exports or exports at 37
| 2026-09-17T05:29:13.641Z expo:babel:exports Found assignment to module.exports or exports at 3
| 2026-09-17T05:29:13.643Z expo:babel:exports Found assignment to module.exports or exports at 3
| 2026-09-17T05:29:13.753Z expo:babel:exports Found assignment to module.exports or exports at 5
| 2026-09-17T05:29:13.772Z expo:babel:exports Found assignment to module.exports or exports at 3
| 2026-09-17T05:29:13.792Z expo:babel:exports Found assignment to module.exports or exports at 36
| 2026-09-17T05:29:13.825Z expo:babel:exports Found assignment to module.exports or exports at 3
| 2026-09-17T05:29:13.879Z expo:babel:exports Found assignment to module.exports or exports at 3
| 2026-09-17T05:29:13.793Z expo:babel:exports Found assignment to module.exports or exports at 37
| 2026-09-17T05:29:13.920Z expo:babel:exports Found assignment to module.exports or exports at 37
| 2026-09-17T05:29:13.933Z expo:babel:server-data-loaders Skipping file outside app directory: C:\Users\iceku\Documents\Codex\2026-09-17\c-gps-ev\Gps_EV\EVChargingMap\node_modules\standard-navigation\lib\src\index.js
| 2026-09-17T05:29:13.960Z expo:babel:exports Found assignment to module.exports or exports at 3
| 2026-09-17T05:29:13.986Z expo:babel:exports Found assignment to module.exports or exports at 3
| 2026-09-17T05:29:13.995Z expo:babel:exports Found assignment to module.exports or exports at 17
| 2026-09-17T05:29:14.024Z expo:babel:exports Found assignment to module.exports or exports at 3
| 2026-09-17T05:29:14.042Z expo:babel:exports Found assignment to module.exports or exports at 52
| 2026-09-17T05:29:14.052Z expo:babel:exports Found assignment to module.exports or exports at 3
| 2026-09-17T05:29:14.062Z expo:babel:exports Found assignment to module.exports or exports at 3
| 2026-09-17T05:29:14.071Z expo:babel:exports Found assignment to module.exports or exports at 3
| 2026-09-17T05:29:14.106Z expo:babel:exports Found assignment to module.exports or exports at 3
| 2026-09-17T05:29:14.128Z expo:babel:exports Found assignment to module.exports or exports at 3
| 2026-09-17T05:29:14.142Z expo:babel:exports Found assignment to module.exports or exports at 3
| 2026-09-17T05:29:14.022Z expo:babel:exports Found assignment to module.exports or exports at 37
| 2026-09-17T05:29:14.216Z expo:babel:exports Found assignment to module.exports or exports at 3
| 2026-09-17T05:29:14.258Z expo:babel:server-data-loaders Skipping file outside app directory: C:\Users\iceku\Documents\Codex\2026-09-17\c-gps-ev\Gps_EV\EVChargingMap\node_modules\@babel\runtime\helpers\esm\toPropertyKey.js
| 2026-09-17T05:29:14.301Z expo:babel:exports Found assignment to module.exports or exports at 3
| 2026-09-17T05:29:14.325Z expo:babel:server-data-loaders Skipping file outside app directory: C:\Users\iceku\Documents\Codex\2026-09-17\c-gps-ev\Gps_EV\EVChargingMap\node_modules\react-native-web\dist\vendor\react-native\Animated\AnimatedEvent.js
| 2026-09-17T05:29:14.431Z expo:babel:exports Found assignment to module.exports or exports at 3
| 2026-09-17T05:29:14.326Z expo:babel:server-data-loaders Skipping file outside app directory: C:\Users\iceku\Documents\Codex\2026-09-17\c-gps-ev\Gps_EV\EVChargingMap\node_modules\react-native-web\dist\vendor\react-native\Animated\AnimatedEvent.js
| 2026-09-17T05:29:14.542Z expo:babel:server-data-loaders Skipping file outside app directory: C:\Users\iceku\Documents\Codex\2026-09-17\c-gps-ev\Gps_EV\EVChargingMap\node_modules\react-native-web\dist\modules\forwardedProps\index.js
| 2026-09-17T05:29:14.542Z expo:babel:server-data-loaders Skipping file outside app directory: C:\Users\iceku\Documents\Codex\2026-09-17\c-gps-ev\Gps_EV\EVChargingMap\node_modules\react-native-web\dist\modules\forwardedProps\index.js
| 2026-09-17T05:29:14.543Z expo:babel:server-data-loaders Skipping file outside app directory: C:\Users\iceku\Documents\Codex\2026-09-17\c-gps-ev\Gps_EV\EVChargingMap\node_modules\react-native-web\dist\modules\forwardedProps\index.js
| 2026-09-17T05:29:14.543Z expo:babel:server-data-loaders Skipping file outside app directory: C:\Users\iceku\Documents\Codex\2026-09-17\c-gps-ev\Gps_EV\EVChargingMap\node_modules\react-native-web\dist\modules\forwardedProps\index.js
| 2026-09-17T05:29:14.543Z expo:babel:server-data-loaders Skipping file outside app directory: C:\Users\iceku\Documents\Codex\2026-09-17\c-gps-ev\Gps_EV\EVChargingMap\node_modules\react-native-web\dist\modules\forwardedProps\index.js
| 2026-09-17T05:29:14.543Z expo:babel:server-data-loaders Skipping file outside app directory: C:\Users\iceku\Documents\Codex\2026-09-17\c-gps-ev\Gps_EV\EVChargingMap\node_modules\react-native-web\dist\modules\forwardedProps\index.js
| 2026-09-17T05:29:14.543Z expo:babel:server-data-loaders Skipping file outside app directory: C:\Users\iceku\Documents\Codex\2026-09-17\c-gps-ev\Gps_EV\EVChargingMap\node_modules\react-native-web\dist\modules\forwardedProps\index.js
| 2026-09-17T05:29:14.543Z expo:babel:server-data-loaders Skipping file outside app directory: C:\Users\iceku\Documents\Codex\2026-09-17\c-gps-ev\Gps_EV\EVChargingMap\node_modules\react-native-web\dist\modules\forwardedProps\index.js
| 2026-09-17T05:29:14.622Z expo:babel:exports Found assignment to module.exports or exports at 10
| 2026-09-17T05:29:14.669Z expo:babel:exports Found assignment to module.exports or exports at 2
| 2026-09-17T05:29:14.674Z expo:babel:server-data-loaders Skipping file outside app directory: C:\Users\iceku\Documents\Codex\2026-09-17\c-gps-ev\Gps_EV\EVChargingMap\node_modules\react-native-web\dist\modules\useLocale\index.js
| 2026-09-17T05:29:14.689Z expo:babel:server-data-loaders Skipping file outside app directory: C:\Users\iceku\Documents\Codex\2026-09-17\c-gps-ev\Gps_EV\EVChargingMap\node_modules\expo\src\async-require\buildAsyncRequire.ts
| 2026-09-17T05:29:14.674Z expo:babel:server-data-loaders Skipping file outside app directory: C:\Users\iceku\Documents\Codex\2026-09-17\c-gps-ev\Gps_EV\EVChargingMap\node_modules\react-native-web\dist\modules\useLocale\index.js
| 2026-09-17T05:29:14.675Z expo:babel:server-data-loaders Skipping file outside app directory: C:\Users\iceku\Documents\Codex\2026-09-17\c-gps-ev\Gps_EV\EVChargingMap\node_modules\react-native-web\dist\modules\useLocale\index.js
| 2026-09-17T05:29:14.698Z expo:babel:server-data-loaders Skipping file outside app directory: C:\Users\iceku\Documents\Codex\2026-09-17\c-gps-ev\Gps_EV\EVChargingMap\node_modules\react-native-web\dist\exports\StyleSheet\compiler\index.js
| 2026-09-17T05:29:14.696Z expo:babel:server-data-loaders Skipping file outside app directory: C:\Users\iceku\Documents\Codex\2026-09-17\c-gps-ev\Gps_EV\EVChargingMap\node_modules\react-native-web\dist\exports\StyleSheet\dom\index.js
| 2026-09-17T05:29:14.742Z expo:babel:server-data-loaders Skipping file outside app directory: C:\Users\iceku\Documents\Codex\2026-09-17\c-gps-ev\Gps_EV\EVChargingMap\node_modules\react-native-web\dist\exports\StyleSheet\validate.js
| 2026-09-17T05:29:14.741Z expo:babel:exports Found assignment to module.exports or exports at 8
| 2026-09-17T05:29:14.852Z expo:babel:exports Found assignment to module.exports or exports at 65
| 2026-09-17T05:29:14.763Z expo:babel:server-data-loaders Skipping file outside app directory: C:\Users\iceku\Documents\Codex\2026-09-17\c-gps-ev\Gps_EV\EVChargingMap\node_modules\react-native-web\dist\exports\StyleSheet\preprocess.js
| 2026-09-17T05:29:14.763Z expo:babel:server-data-loaders Skipping file outside app directory: C:\Users\iceku\Documents\Codex\2026-09-17\c-gps-ev\Gps_EV\EVChargingMap\node_modules\react-native-web\dist\exports\StyleSheet\preprocess.js
| 2026-09-17T05:29:14.764Z expo:babel:server-data-loaders Skipping file outside app directory: C:\Users\iceku\Documents\Codex\2026-09-17\c-gps-ev\Gps_EV\EVChargingMap\node_modules\react-native-web\dist\exports\StyleSheet\preprocess.js
| 2026-09-17T05:29:14.765Z expo:babel:server-data-loaders Skipping file outside app directory: C:\Users\iceku\Documents\Codex\2026-09-17\c-gps-ev\Gps_EV\EVChargingMap\node_modules\react-native-web\dist\exports\StyleSheet\preprocess.js
| 2026-09-17T05:29:14.765Z expo:babel:server-data-loaders Skipping file outside app directory: C:\Users\iceku\Documents\Codex\2026-09-17\c-gps-ev\Gps_EV\EVChargingMap\node_modules\react-native-web\dist\exports\StyleSheet\preprocess.js
| 2026-09-17T05:29:14.765Z expo:babel:server-data-loaders Skipping file outside app directory: C:\Users\iceku\Documents\Codex\2026-09-17\c-gps-ev\Gps_EV\EVChargingMap\node_modules\react-native-web\dist\exports\StyleSheet\preprocess.js
| 2026-09-17T05:29:14.700Z expo:babel:server-data-loaders Skipping file outside app directory: C:\Users\iceku\Documents\Codex\2026-09-17\c-gps-ev\Gps_EV\EVChargingMap\node_modules\react-native-web\dist\exports\StyleSheet\compiler\index.js
| 2026-09-17T05:29:14.701Z expo:babel:server-data-loaders Skipping file outside app directory: C:\Users\iceku\Documents\Codex\2026-09-17\c-gps-ev\Gps_EV\EVChargingMap\node_modules\react-native-web\dist\exports\StyleSheet\compiler\index.js
| 2026-09-17T05:29:14.702Z expo:babel:server-data-loaders Skipping file outside app directory: C:\Users\iceku\Documents\Codex\2026-09-17\c-gps-ev\Gps_EV\EVChargingMap\node_modules\react-native-web\dist\exports\StyleSheet\compiler\index.js
| 2026-09-17T05:29:15.013Z expo:babel:exports Found assignment to module.exports or exports at 15
| 2026-09-17T05:29:15.041Z expo:babel:exports Found assignment to module.exports or exports at 23
| 2026-09-17T05:29:15.049Z expo:babel:exports Found assignment to module.exports or exports at 1
| 2026-09-17T05:29:15.069Z expo:babel:exports Found assignment to module.exports or exports at 8
| 2026-09-17T05:29:15.082Z expo:babel:exports Found assignment to module.exports or exports at 48
| 2026-09-17T05:29:15.173Z expo:babel:exports Found assignment to module.exports or exports at 48
| 2026-09-17T05:29:15.239Z expo:babel:exports Found assignment to module.exports or exports at 52
| 2026-09-17T05:29:15.248Z expo:babel:server-data-loaders Skipping file outside app directory: C:\Users\iceku\Documents\Codex\2026-09-17\c-gps-ev\Gps_EV\EVChargingMap\node_modules\react-native-web\dist\modules\addEventListener\index.js
| 2026-09-17T05:29:15.259Z expo:babel:exports Found assignment to module.exports or exports at 345
| 2026-09-17T05:29:15.286Z expo:babel:exports Found assignment to module.exports or exports at 54
| 2026-09-17T05:29:15.403Z expo:babel:exports Found assignment to module.exports or exports at 6
| 2026-09-17T05:29:15.735Z expo:babel:server-data-loaders Skipping file outside app directory: C:\Users\iceku\Documents\Codex\2026-09-17\c-gps-ev\Gps_EV\EVChargingMap\node_modules\@babel\runtime\helpers\esm\createForOfIteratorHelperLoose.js
| 2026-09-17T05:29:15.910Z expo:babel:server-data-loaders Skipping file outside app directory: C:\Users\iceku\Documents\Codex\2026-09-17\c-gps-ev\Gps_EV\EVChargingMap\node_modules\react-native-web\dist\exports\AppRegistry\renderApplication.js
2026-09-17T05:29:15.933Z expo:start:server:metro:multi-platform Redirecting module "C:\Users\iceku\Documents\Codex\2026-09-17\c-gps-ev\Gps_EV\EVChargingMap\node_modules\react-native-web\dist\exports\AppRegistry\AppContainer.js" to shim
| 2026-09-17T05:29:16.164Z expo:babel:server-data-loaders Skipping file outside app directory: C:\Users\iceku\Documents\Codex\2026-09-17\c-gps-ev\Gps_EV\EVChargingMap\node_modules\react-native-web\dist\vendor\react-native\VirtualizedList\CellRenderMask.js
| 2026-09-17T05:29:16.223Z expo:babel:env-vars Inlining environment variable in C:\Users\iceku\Documents\Codex\2026-09-17\c-gps-ev\Gps_EV\EVChargingMap\src\app\station\[id].tsx: EXPO_PUBLIC_GOOGLE_MAPS_API_KEY
| 2026-09-17T05:29:16.223Z expo:babel:env-vars Inlining environment variable in C:\Users\iceku\Documents\Codex\2026-09-17\c-gps-ev\Gps_EV\EVChargingMap\src\app\navigation.tsx: EXPO_PUBLIC_GOOGLE_MAPS_API_KEY
| 2026-09-17T05:29:16.350Z expo:babel:exports Found assignment to module.exports or exports at 12
| 2026-09-17T05:29:16.486Z expo:babel:server-data-loaders Skipping file outside app directory: C:\Users\iceku\Documents\Codex\2026-09-17\c-gps-ev\Gps_EV\EVChargingMap\node_modules\react-native-web\dist\vendor\react-native\VirtualizedList\VirtualizedListContext.js
| 2026-09-17T05:29:16.487Z expo:babel:server-data-loaders Skipping file outside app directory: C:\Users\iceku\Documents\Codex\2026-09-17\c-gps-ev\Gps_EV\EVChargingMap\node_modules\react-native-web\dist\vendor\react-native\VirtualizedList\VirtualizedListContext.js
| 2026-09-17T05:29:16.487Z expo:babel:server-data-loaders Skipping file outside app directory: C:\Users\iceku\Documents\Codex\2026-09-17\c-gps-ev\Gps_EV\EVChargingMap\node_modules\react-native-web\dist\vendor\react-native\VirtualizedList\VirtualizedListContext.js
| 2026-09-17T05:29:16.488Z expo:babel:server-data-loaders Skipping file outside app directory: C:\Users\iceku\Documents\Codex\2026-09-17\c-gps-ev\Gps_EV\EVChargingMap\node_modules\react-native-web\dist\vendor\react-native\VirtualizedList\VirtualizedListContext.js
| 2026-09-17T05:29:16.579Z expo:babel:server-data-loaders Skipping file outside app directory: C:\Users\iceku\Documents\Codex\2026-09-17\c-gps-ev\Gps_EV\EVChargingMap\node_modules\react-native-web\dist\modules\ImageLoader\index.js
| 2026-09-17T05:29:12.539Z expo:babel:exports Found assignment to module.exports or exports at 15966
| 2026-09-17T05:29:16.223Z expo:babel:env-vars Inlining environment variable in C:\Users\iceku\Documents\Codex\2026-09-17\c-gps-ev\Gps_EV\EVChargingMap\src\app\station\[id].tsx: EXPO_PUBLIC_GOOGLE_PLACES_API_KEY
| 2026-09-17T05:29:16.879Z expo:babel:exports Found assignment to module.exports or exports at 37
| 2026-09-17T05:29:16.988Z expo:babel:exports Found assignment to module.exports or exports at 37
| 2026-09-17T05:29:16.223Z expo:babel:env-vars Inlining environment variable in C:\Users\iceku\Documents\Codex\2026-09-17\c-gps-ev\Gps_EV\EVChargingMap\src\app\navigation.tsx: EXPO_PUBLIC_GOOGLE_PLACES_API_KEY
| 2026-09-17T05:29:17.078Z expo:babel:server-data-loaders Skipping file outside app directory: C:\Users\iceku\Documents\Codex\2026-09-17\c-gps-ev\Gps_EV\EVChargingMap\src\services\firebase.ts
| 2026-09-17T05:29:17.124Z expo:babel:exports Found assignment to module.exports or exports at 17
| 2026-09-17T05:29:17.079Z expo:babel:server-data-loaders Skipping file outside app directory: C:\Users\iceku\Documents\Codex\2026-09-17\c-gps-ev\Gps_EV\EVChargingMap\src\services\firebase.ts
| 2026-09-17T05:29:17.080Z expo:babel:server-data-loaders Skipping file outside app directory: C:\Users\iceku\Documents\Codex\2026-09-17\c-gps-ev\Gps_EV\EVChargingMap\src\services\firebase.ts
| 2026-09-17T05:29:17.151Z expo:babel:server-data-loaders Skipping file outside app directory: C:\Users\iceku\Documents\Codex\2026-09-17\c-gps-ev\Gps_EV\EVChargingMap\node_modules\react-native-maps\src\MapView.web.ts
| 2026-09-17T05:29:17.203Z expo:babel:server-data-loaders Skipping file outside app directory: C:\Users\iceku\Documents\Codex\2026-09-17\c-gps-ev\Gps_EV\EVChargingMap\node_modules\react-native-web\dist\modules\requestIdleCallback\index.js
| 2026-09-17T05:29:17.296Z expo:babel:exports Found assignment to module.exports or exports at 461
| 2026-09-17T05:29:17.196Z expo:babel:server-data-loaders Skipping file outside app directory: C:\Users\iceku\Documents\Codex\2026-09-17\c-gps-ev\Gps_EV\EVChargingMap\node_modules\react-native-maps\src\MapMarker.tsx
| 2026-09-17T05:29:17.362Z expo:babel:exports Found assignment to module.exports or exports at 3
| 2026-09-17T05:29:17.375Z expo:babel:exports Found assignment to module.exports or exports at 6
| 2026-09-17T05:29:17.468Z expo:babel:exports Found assignment to module.exports or exports at 37
| 2026-09-17T05:29:17.473Z expo:babel:server-data-loaders Skipping file outside app directory: C:\Users\iceku\Documents\Codex\2026-09-17\c-gps-ev\Gps_EV\EVChargingMap\node_modules\react-native-maps\src\MapOverlay.tsx
| 2026-09-17T05:29:17.659Z expo:babel:server-data-loaders Skipping file outside app directory: C:\Users\iceku\Documents\Codex\2026-09-17\c-gps-ev\Gps_EV\EVChargingMap\node_modules\react-native-maps\src\MapPolyline.tsx
| 2026-09-17T05:29:17.671Z expo:babel:server-data-loaders Skipping file outside app directory: C:\Users\iceku\Documents\Codex\2026-09-17\c-gps-ev\Gps_EV\EVChargingMap\node_modules\react-native-maps\src\MapHeatmap.tsx
| 2026-09-17T05:29:17.691Z expo:babel:exports Found assignment to module.exports or exports at 1
| 2026-09-17T05:29:17.636Z expo:babel:exports Found assignment to module.exports or exports at 6
| 2026-09-17T05:29:17.714Z expo:babel:server-data-loaders Skipping file outside app directory: C:\Users\iceku\Documents\Codex\2026-09-17\c-gps-ev\Gps_EV\EVChargingMap\node_modules\react-native-web\dist\modules\warnOnce\index.js
| 2026-09-17T05:29:17.716Z expo:babel:server-data-loaders Skipping file outside app directory: C:\Users\iceku\Documents\Codex\2026-09-17\c-gps-ev\Gps_EV\EVChargingMap\node_modules\react-native-maps\src\MapPolygon.tsx
| 2026-09-17T05:29:17.723Z expo:babel:server-data-loaders Skipping file outside app directory: C:\Users\iceku\Documents\Codex\2026-09-17\c-gps-ev\Gps_EV\EVChargingMap\node_modules\react-native-maps\src\MapUrlTile.tsx
| 2026-09-17T05:29:17.749Z expo:babel:server-data-loaders Skipping file outside app directory: C:\Users\iceku\Documents\Codex\2026-09-17\c-gps-ev\Gps_EV\EVChargingMap\node_modules\expo\src\Expo.ts
| 2026-09-17T05:29:17.757Z expo:babel:exports Found assignment to module.exports or exports at 3
| 2026-09-17T05:29:17.764Z expo:babel:server-data-loaders Skipping file outside app directory: C:\Users\iceku\Documents\Codex\2026-09-17\c-gps-ev\Gps_EV\EVChargingMap\node_modules\react-native-maps\src\MapLocalTile.tsx
| 2026-09-17T05:29:17.767Z expo:babel:exports Found assignment to module.exports or exports at 5
| 2026-09-17T05:29:17.750Z expo:babel:server-data-loaders Skipping file outside app directory: C:\Users\iceku\Documents\Codex\2026-09-17\c-gps-ev\Gps_EV\EVChargingMap\node_modules\expo\src\Expo.ts
| 2026-09-17T05:29:17.750Z expo:babel:server-data-loaders Skipping file outside app directory: C:\Users\iceku\Documents\Codex\2026-09-17\c-gps-ev\Gps_EV\EVChargingMap\node_modules\expo\src\Expo.ts
| 2026-09-17T05:29:17.750Z expo:babel:server-data-loaders Skipping file outside app directory: C:\Users\iceku\Documents\Codex\2026-09-17\c-gps-ev\Gps_EV\EVChargingMap\node_modules\expo\src\Expo.ts
| 2026-09-17T05:29:17.750Z expo:babel:server-data-loaders Skipping file outside app directory: C:\Users\iceku\Documents\Codex\2026-09-17\c-gps-ev\Gps_EV\EVChargingMap\node_modules\expo\src\Expo.ts
| 2026-09-17T05:29:17.750Z expo:babel:server-data-loaders Skipping file outside app directory: C:\Users\iceku\Documents\Codex\2026-09-17\c-gps-ev\Gps_EV\EVChargingMap\node_modules\expo\src\Expo.ts
| 2026-09-17T05:29:17.750Z expo:babel:server-data-loaders Skipping file outside app directory: C:\Users\iceku\Documents\Codex\2026-09-17\c-gps-ev\Gps_EV\EVChargingMap\node_modules\expo\src\Expo.ts
| 2026-09-17T05:29:17.814Z expo:babel:server-data-loaders Skipping file outside app directory: C:\Users\iceku\Documents\Codex\2026-09-17\c-gps-ev\Gps_EV\EVChargingMap\node_modules\react-native-maps\src\MapView.types.ts
| 2026-09-17T05:29:17.814Z expo:babel:exports Found assignment to module.exports or exports at 35
| 2026-09-17T05:29:17.830Z expo:babel:server-data-loaders Skipping file outside app directory: C:\Users\iceku\Documents\Codex\2026-09-17\c-gps-ev\Gps_EV\EVChargingMap\node_modules\react-native-maps\src\MapPolygon.types.ts
| 2026-09-17T05:29:17.835Z expo:babel:exports Found assignment to module.exports or exports at 3
| 2026-09-17T05:29:17.890Z expo:babel:server-data-loaders Skipping file outside app directory: C:\Users\iceku\Documents\Codex\2026-09-17\c-gps-ev\Gps_EV\EVChargingMap\node_modules\expo-constants\build\Constants.js
| 2026-09-17T05:29:17.911Z expo:babel:server-data-loaders Skipping file outside app directory: C:\Users\iceku\Documents\Codex\2026-09-17\c-gps-ev\Gps_EV\EVChargingMap\node_modules\react-native-maps\src\ProviderConstants.ts
| 2026-09-17T05:29:17.855Z expo:babel:exports Found assignment to module.exports or exports at 37
| 2026-09-17T05:29:17.912Z expo:babel:server-data-loaders Skipping file outside app directory: C:\Users\iceku\Documents\Codex\2026-09-17\c-gps-ev\Gps_EV\EVChargingMap\node_modules\react-native-maps\src\ProviderConstants.ts
| 2026-09-17T05:29:17.928Z expo:babel:exports Found assignment to module.exports or exports at 6
| 2026-09-17T05:29:17.862Z expo:babel:exports Found assignment to module.exports or exports at 65
| 2026-09-17T05:29:17.963Z expo:babel:exports Found assignment to module.exports or exports at 3
| 2026-09-17T05:29:17.980Z expo:babel:server-data-loaders Skipping file outside app directory: C:\Users\iceku\Documents\Codex\2026-09-17\c-gps-ev\Gps_EV\EVChargingMap\node_modules\react-native-maps\src\MapWMSTile.tsx
| 2026-09-17T05:29:18.050Z expo:babel:exports Found assignment to module.exports or exports at 4
| 2026-09-17T05:29:18.062Z expo:babel:server-data-loaders Skipping file outside app directory: C:\Users\iceku\Documents\Codex\2026-09-17\c-gps-ev\Gps_EV\EVChargingMap\node_modules\react-native-maps\src\sharedTypes.ts
| 2026-09-17T05:29:18.073Z expo:babel:server-data-loaders Skipping file outside app directory: C:\Users\iceku\Documents\Codex\2026-09-17\c-gps-ev\Gps_EV\EVChargingMap\node_modules\react-native-maps\src\MapCalloutSubview.tsx
| 2026-09-17T05:29:18.091Z expo:babel:exports Found assignment to module.exports or exports at 4
| 2026-09-17T05:29:18.104Z expo:babel:server-data-loaders Skipping file outside app directory: C:\Users\iceku\Documents\Codex\2026-09-17\c-gps-ev\Gps_EV\EVChargingMap\node_modules\react-native-maps\src\MapCallout.tsx
| 2026-09-17T05:29:18.119Z expo:babel:exports Found assignment to module.exports or exports at 5
| 2026-09-17T05:29:18.126Z expo:babel:exports Found assignment to module.exports or exports at 37
| 2026-09-17T05:29:18.118Z expo:babel:exports Found assignment to module.exports or exports at 3
| 2026-09-17T05:29:18.186Z expo:babel:server-data-loaders Skipping file outside app directory: C:\Users\iceku\Documents\Codex\2026-09-17\c-gps-ev\Gps_EV\EVChargingMap\node_modules\react-native-maps\src\MapCircle.tsx
| 2026-09-17T05:29:18.227Z expo:babel:server-data-loaders Skipping file outside app directory: C:\Users\iceku\Documents\Codex\2026-09-17\c-gps-ev\Gps_EV\EVChargingMap\node_modules\expo-location\build\LocationSubscribers.js
| 2026-09-17T05:29:18.238Z expo:babel:server-data-loaders Skipping file outside app directory: C:\Users\iceku\Documents\Codex\2026-09-17\c-gps-ev\Gps_EV\EVChargingMap\node_modules\react-native-web\dist\modules\useResponderEvents\ResponderEventTypes.js
| 2026-09-17T05:29:18.228Z expo:babel:server-data-loaders Skipping file outside app directory: C:\Users\iceku\Documents\Codex\2026-09-17\c-gps-ev\Gps_EV\EVChargingMap\node_modules\expo-location\build\LocationSubscribers.js
| 2026-09-17T05:29:18.228Z expo:babel:server-data-loaders Skipping file outside app directory: C:\Users\iceku\Documents\Codex\2026-09-17\c-gps-ev\Gps_EV\EVChargingMap\node_modules\expo-location\build\LocationSubscribers.js
| 2026-09-17T05:29:18.228Z expo:babel:server-data-loaders Skipping file outside app directory: C:\Users\iceku\Documents\Codex\2026-09-17\c-gps-ev\Gps_EV\EVChargingMap\node_modules\expo-location\build\LocationSubscribers.js
| 2026-09-17T05:29:18.228Z expo:babel:server-data-loaders Skipping file outside app directory: C:\Users\iceku\Documents\Codex\2026-09-17\c-gps-ev\Gps_EV\EVChargingMap\node_modules\expo-location\build\LocationSubscribers.js
| 2026-09-17T05:29:18.295Z expo:babel:exports Found assignment to module.exports or exports at 3
| 2026-09-17T05:29:18.238Z expo:babel:server-data-loaders Skipping file outside app directory: C:\Users\iceku\Documents\Codex\2026-09-17\c-gps-ev\Gps_EV\EVChargingMap\node_modules\react-native-web\dist\modules\useResponderEvents\ResponderEventTypes.js
| 2026-09-17T05:29:18.238Z expo:babel:server-data-loaders Skipping file outside app directory: C:\Users\iceku\Documents\Codex\2026-09-17\c-gps-ev\Gps_EV\EVChargingMap\node_modules\react-native-web\dist\modules\useResponderEvents\ResponderEventTypes.js
| 2026-09-17T05:29:18.239Z expo:babel:server-data-loaders Skipping file outside app directory: C:\Users\iceku\Documents\Codex\2026-09-17\c-gps-ev\Gps_EV\EVChargingMap\node_modules\react-native-web\dist\modules\useResponderEvents\ResponderEventTypes.js
| 2026-09-17T05:29:18.239Z expo:babel:server-data-loaders Skipping file outside app directory: C:\Users\iceku\Documents\Codex\2026-09-17\c-gps-ev\Gps_EV\EVChargingMap\node_modules\react-native-web\dist\modules\useResponderEvents\ResponderEventTypes.js
| 2026-09-17T05:29:18.239Z expo:babel:server-data-loaders Skipping file outside app directory: C:\Users\iceku\Documents\Codex\2026-09-17\c-gps-ev\Gps_EV\EVChargingMap\node_modules\react-native-web\dist\modules\useResponderEvents\ResponderEventTypes.js
| 2026-09-17T05:29:18.239Z expo:babel:server-data-loaders Skipping file outside app directory: C:\Users\iceku\Documents\Codex\2026-09-17\c-gps-ev\Gps_EV\EVChargingMap\node_modules\react-native-web\dist\modules\useResponderEvents\ResponderEventTypes.js
| 2026-09-17T05:29:18.239Z expo:babel:server-data-loaders Skipping file outside app directory: C:\Users\iceku\Documents\Codex\2026-09-17\c-gps-ev\Gps_EV\EVChargingMap\node_modules\react-native-web\dist\modules\useResponderEvents\ResponderEventTypes.js
| 2026-09-17T05:29:18.239Z expo:babel:server-data-loaders Skipping file outside app directory: C:\Users\iceku\Documents\Codex\2026-09-17\c-gps-ev\Gps_EV\EVChargingMap\node_modules\react-native-web\dist\modules\useResponderEvents\ResponderEventTypes.js
| 2026-09-17T05:29:18.239Z expo:babel:server-data-loaders Skipping file outside app directory: C:\Users\iceku\Documents\Codex\2026-09-17\c-gps-ev\Gps_EV\EVChargingMap\node_modules\react-native-web\dist\modules\useResponderEvents\ResponderEventTypes.js
| 2026-09-17T05:29:18.239Z expo:babel:server-data-loaders Skipping file outside app directory: C:\Users\iceku\Documents\Codex\2026-09-17\c-gps-ev\Gps_EV\EVChargingMap\node_modules\react-native-web\dist\modules\useResponderEvents\ResponderEventTypes.js
| 2026-09-17T05:29:18.239Z expo:babel:server-data-loaders Skipping file outside app directory: C:\Users\iceku\Documents\Codex\2026-09-17\c-gps-ev\Gps_EV\EVChargingMap\node_modules\react-native-web\dist\modules\useResponderEvents\ResponderEventTypes.js
| 2026-09-17T05:29:18.239Z expo:babel:server-data-loaders Skipping file outside app directory: C:\Users\iceku\Documents\Codex\2026-09-17\c-gps-ev\Gps_EV\EVChargingMap\node_modules\react-native-web\dist\modules\useResponderEvents\ResponderEventTypes.js
| 2026-09-17T05:29:18.239Z expo:babel:server-data-loaders Skipping file outside app directory: C:\Users\iceku\Documents\Codex\2026-09-17\c-gps-ev\Gps_EV\EVChargingMap\node_modules\react-native-web\dist\modules\useResponderEvents\ResponderEventTypes.js
| 2026-09-17T05:29:18.239Z expo:babel:server-data-loaders Skipping file outside app directory: C:\Users\iceku\Documents\Codex\2026-09-17\c-gps-ev\Gps_EV\EVChargingMap\node_modules\react-native-web\dist\modules\useResponderEvents\ResponderEventTypes.js
| 2026-09-17T05:29:18.239Z expo:babel:server-data-loaders Skipping file outside app directory: C:\Users\iceku\Documents\Codex\2026-09-17\c-gps-ev\Gps_EV\EVChargingMap\node_modules\react-native-web\dist\modules\useResponderEvents\ResponderEventTypes.js
| 2026-09-17T05:29:18.239Z expo:babel:server-data-loaders Skipping file outside app directory: C:\Users\iceku\Documents\Codex\2026-09-17\c-gps-ev\Gps_EV\EVChargingMap\node_modules\react-native-web\dist\modules\useResponderEvents\ResponderEventTypes.js
| 2026-09-17T05:29:18.239Z expo:babel:server-data-loaders Skipping file outside app directory: C:\Users\iceku\Documents\Codex\2026-09-17\c-gps-ev\Gps_EV\EVChargingMap\node_modules\react-native-web\dist\modules\useResponderEvents\ResponderEventTypes.js
| 2026-09-17T05:29:18.239Z expo:babel:server-data-loaders Skipping file outside app directory: C:\Users\iceku\Documents\Codex\2026-09-17\c-gps-ev\Gps_EV\EVChargingMap\node_modules\react-native-web\dist\modules\useResponderEvents\ResponderEventTypes.js
| 2026-09-17T05:29:18.239Z expo:babel:server-data-loaders Skipping file outside app directory: C:\Users\iceku\Documents\Codex\2026-09-17\c-gps-ev\Gps_EV\EVChargingMap\node_modules\react-native-web\dist\modules\useResponderEvents\ResponderEventTypes.js
| 2026-09-17T05:29:18.320Z expo:babel:server-data-loaders Skipping file outside app directory: C:\Users\iceku\Documents\Codex\2026-09-17\c-gps-ev\Gps_EV\EVChargingMap\node_modules\react-native-web\dist\modules\useResponderEvents\utils.js
| 2026-09-17T05:29:18.321Z expo:babel:server-data-loaders Skipping file outside app directory: C:\Users\iceku\Documents\Codex\2026-09-17\c-gps-ev\Gps_EV\EVChargingMap\node_modules\react-native-web\dist\modules\useResponderEvents\utils.js
| 2026-09-17T05:29:18.323Z expo:babel:server-data-loaders Skipping file outside app directory: C:\Users\iceku\Documents\Codex\2026-09-17\c-gps-ev\Gps_EV\EVChargingMap\node_modules\react-native-web\dist\modules\useResponderEvents\utils.js
| 2026-09-17T05:29:18.324Z expo:babel:server-data-loaders Skipping file outside app directory: C:\Users\iceku\Documents\Codex\2026-09-17\c-gps-ev\Gps_EV\EVChargingMap\node_modules\react-native-web\dist\modules\useResponderEvents\utils.js
| 2026-09-17T05:29:18.325Z expo:babel:server-data-loaders Skipping file outside app directory: C:\Users\iceku\Documents\Codex\2026-09-17\c-gps-ev\Gps_EV\EVChargingMap\node_modules\react-native-web\dist\modules\useResponderEvents\utils.js
| 2026-09-17T05:29:18.326Z expo:babel:server-data-loaders Skipping file outside app directory: C:\Users\iceku\Documents\Codex\2026-09-17\c-gps-ev\Gps_EV\EVChargingMap\node_modules\react-native-web\dist\modules\useResponderEvents\utils.js
| 2026-09-17T05:29:18.415Z expo:babel:server-data-loaders Skipping file outside app directory: C:\Users\iceku\Documents\Codex\2026-09-17\c-gps-ev\Gps_EV\EVChargingMap\node_modules\expo-location\build\GeolocationPolyfill.js
| 2026-09-17T05:29:18.424Z expo:babel:server-data-loaders Skipping file outside app directory: C:\Users\iceku\Documents\Codex\2026-09-17\c-gps-ev\Gps_EV\EVChargingMap\node_modules\expo-location\build\Location.types.js
| 2026-09-17T05:29:18.425Z expo:babel:server-data-loaders Skipping file outside app directory: C:\Users\iceku\Documents\Codex\2026-09-17\c-gps-ev\Gps_EV\EVChargingMap\node_modules\expo-location\build\LocationEventEmitter.web.js
| 2026-09-17T05:29:18.424Z expo:babel:server-data-loaders Skipping file outside app directory: C:\Users\iceku\Documents\Codex\2026-09-17\c-gps-ev\Gps_EV\EVChargingMap\node_modules\expo-location\build\Location.types.js
| 2026-09-17T05:29:18.425Z expo:babel:server-data-loaders Skipping file outside app directory: C:\Users\iceku\Documents\Codex\2026-09-17\c-gps-ev\Gps_EV\EVChargingMap\node_modules\expo-location\build\Location.types.js
| 2026-09-17T05:29:18.425Z expo:babel:server-data-loaders Skipping file outside app directory: C:\Users\iceku\Documents\Codex\2026-09-17\c-gps-ev\Gps_EV\EVChargingMap\node_modules\expo-location\build\Location.types.js
| 2026-09-17T05:29:18.425Z expo:babel:server-data-loaders Skipping file outside app directory: C:\Users\iceku\Documents\Codex\2026-09-17\c-gps-ev\Gps_EV\EVChargingMap\node_modules\expo-location\build\Location.types.js
| 2026-09-17T05:29:18.425Z expo:babel:server-data-loaders Skipping file outside app directory: C:\Users\iceku\Documents\Codex\2026-09-17\c-gps-ev\Gps_EV\EVChargingMap\node_modules\expo-location\build\Location.types.js
| 2026-09-17T05:29:18.467Z expo:babel:server-data-loaders Skipping file outside app directory: C:\Users\iceku\Documents\Codex\2026-09-17\c-gps-ev\Gps_EV\EVChargingMap\node_modules\expo-modules-core\src\polyfill\CoreModule.ts
| 2026-09-17T05:29:18.487Z expo:babel:server-data-loaders Skipping file outside app directory: C:\Users\iceku\Documents\Codex\2026-09-17\c-gps-ev\Gps_EV\EVChargingMap\node_modules\react-native-web\dist\modules\useResponderEvents\ResponderTouchHistoryStore.js
| 2026-09-17T05:29:18.469Z expo:babel:server-data-loaders Skipping file outside app directory: C:\Users\iceku\Documents\Codex\2026-09-17\c-gps-ev\Gps_EV\EVChargingMap\node_modules\expo-modules-core\src\polyfill\CoreModule.ts
| 2026-09-17T05:29:18.470Z expo:babel:server-data-loaders Skipping file outside app directory: C:\Users\iceku\Documents\Codex\2026-09-17\c-gps-ev\Gps_EV\EVChargingMap\node_modules\expo-modules-core\src\polyfill\CoreModule.ts
| 2026-09-17T05:29:18.470Z expo:babel:server-data-loaders Skipping file outside app directory: C:\Users\iceku\Documents\Codex\2026-09-17\c-gps-ev\Gps_EV\EVChargingMap\node_modules\expo-modules-core\src\polyfill\CoreModule.ts
| 2026-09-17T05:29:18.550Z expo:babel:exports Found assignment to module.exports or exports at 6
| 2026-09-17T05:29:18.560Z expo:babel:exports Found assignment to module.exports or exports at 6
| 2026-09-17T05:29:18.392Z expo:babel:server-data-loaders Skipping file outside app directory: C:\Users\iceku\Documents\Codex\2026-09-17\c-gps-ev\Gps_EV\EVChargingMap\node_modules\expo-location\build\Location.js
| 2026-09-17T05:29:18.392Z expo:babel:server-data-loaders Skipping file outside app directory: C:\Users\iceku\Documents\Codex\2026-09-17\c-gps-ev\Gps_EV\EVChargingMap\node_modules\expo-location\build\Location.js
| 2026-09-17T05:29:18.393Z expo:babel:server-data-loaders Skipping file outside app directory: C:\Users\iceku\Documents\Codex\2026-09-17\c-gps-ev\Gps_EV\EVChargingMap\node_modules\expo-location\build\Location.js
| 2026-09-17T05:29:18.393Z expo:babel:server-data-loaders Skipping file outside app directory: C:\Users\iceku\Documents\Codex\2026-09-17\c-gps-ev\Gps_EV\EVChargingMap\node_modules\expo-location\build\Location.js
| 2026-09-17T05:29:18.393Z expo:babel:server-data-loaders Skipping file outside app directory: C:\Users\iceku\Documents\Codex\2026-09-17\c-gps-ev\Gps_EV\EVChargingMap\node_modules\expo-location\build\Location.js
| 2026-09-17T05:29:18.394Z expo:babel:server-data-loaders Skipping file outside app directory: C:\Users\iceku\Documents\Codex\2026-09-17\c-gps-ev\Gps_EV\EVChargingMap\node_modules\expo-location\build\Location.js
| 2026-09-17T05:29:18.394Z expo:babel:server-data-loaders Skipping file outside app directory: C:\Users\iceku\Documents\Codex\2026-09-17\c-gps-ev\Gps_EV\EVChargingMap\node_modules\expo-location\build\Location.js
| 2026-09-17T05:29:18.395Z expo:babel:server-data-loaders Skipping file outside app directory: C:\Users\iceku\Documents\Codex\2026-09-17\c-gps-ev\Gps_EV\EVChargingMap\node_modules\expo-location\build\Location.js
| 2026-09-17T05:29:18.395Z expo:babel:server-data-loaders Skipping file outside app directory: C:\Users\iceku\Documents\Codex\2026-09-17\c-gps-ev\Gps_EV\EVChargingMap\node_modules\expo-location\build\Location.js
| 2026-09-17T05:29:18.396Z expo:babel:server-data-loaders Skipping file outside app directory: C:\Users\iceku\Documents\Codex\2026-09-17\c-gps-ev\Gps_EV\EVChargingMap\node_modules\expo-location\build\Location.js
| 2026-09-17T05:29:18.396Z expo:babel:server-data-loaders Skipping file outside app directory: C:\Users\iceku\Documents\Codex\2026-09-17\c-gps-ev\Gps_EV\EVChargingMap\node_modules\expo-location\build\Location.js
| 2026-09-17T05:29:18.396Z expo:babel:server-data-loaders Skipping file outside app directory: C:\Users\iceku\Documents\Codex\2026-09-17\c-gps-ev\Gps_EV\EVChargingMap\node_modules\expo-location\build\Location.js
| 2026-09-17T05:29:18.396Z expo:babel:server-data-loaders Skipping file outside app directory: C:\Users\iceku\Documents\Codex\2026-09-17\c-gps-ev\Gps_EV\EVChargingMap\node_modules\expo-location\build\Location.js
| 2026-09-17T05:29:18.396Z expo:babel:server-data-loaders Skipping file outside app directory: C:\Users\iceku\Documents\Codex\2026-09-17\c-gps-ev\Gps_EV\EVChargingMap\node_modules\expo-location\build\Location.js
| 2026-09-17T05:29:18.396Z expo:babel:server-data-loaders Skipping file outside app directory: C:\Users\iceku\Documents\Codex\2026-09-17\c-gps-ev\Gps_EV\EVChargingMap\node_modules\expo-location\build\Location.js
| 2026-09-17T05:29:18.397Z expo:babel:server-data-loaders Skipping file outside app directory: C:\Users\iceku\Documents\Codex\2026-09-17\c-gps-ev\Gps_EV\EVChargingMap\node_modules\expo-location\build\Location.js
| 2026-09-17T05:29:18.397Z expo:babel:server-data-loaders Skipping file outside app directory: C:\Users\iceku\Documents\Codex\2026-09-17\c-gps-ev\Gps_EV\EVChargingMap\node_modules\expo-location\build\Location.js
| 2026-09-17T05:29:18.397Z expo:babel:server-data-loaders Skipping file outside app directory: C:\Users\iceku\Documents\Codex\2026-09-17\c-gps-ev\Gps_EV\EVChargingMap\node_modules\expo-location\build\Location.js
| 2026-09-17T05:29:18.397Z expo:babel:server-data-loaders Skipping file outside app directory: C:\Users\iceku\Documents\Codex\2026-09-17\c-gps-ev\Gps_EV\EVChargingMap\node_modules\expo-location\build\Location.js
| 2026-09-17T05:29:18.397Z expo:babel:server-data-loaders Skipping file outside app directory: C:\Users\iceku\Documents\Codex\2026-09-17\c-gps-ev\Gps_EV\EVChargingMap\node_modules\expo-location\build\Location.js
| 2026-09-17T05:29:18.398Z expo:babel:server-data-loaders Skipping file outside app directory: C:\Users\iceku\Documents\Codex\2026-09-17\c-gps-ev\Gps_EV\EVChargingMap\node_modules\expo-location\build\Location.js
| 2026-09-17T05:29:18.398Z expo:babel:server-data-loaders Skipping file outside app directory: C:\Users\iceku\Documents\Codex\2026-09-17\c-gps-ev\Gps_EV\EVChargingMap\node_modules\expo-location\build\Location.js
| 2026-09-17T05:29:18.398Z expo:babel:server-data-loaders Skipping file outside app directory: C:\Users\iceku\Documents\Codex\2026-09-17\c-gps-ev\Gps_EV\EVChargingMap\node_modules\expo-location\build\Location.js
| 2026-09-17T05:29:18.399Z expo:babel:server-data-loaders Skipping file outside app directory: C:\Users\iceku\Documents\Codex\2026-09-17\c-gps-ev\Gps_EV\EVChargingMap\node_modules\expo-location\build\Location.js
| 2026-09-17T05:29:18.399Z expo:babel:server-data-loaders Skipping file outside app directory: C:\Users\iceku\Documents\Codex\2026-09-17\c-gps-ev\Gps_EV\EVChargingMap\node_modules\expo-location\build\Location.js
| 2026-09-17T05:29:18.399Z expo:babel:server-data-loaders Skipping file outside app directory: C:\Users\iceku\Documents\Codex\2026-09-17\c-gps-ev\Gps_EV\EVChargingMap\node_modules\expo-location\build\Location.js
| 2026-09-17T05:29:18.400Z expo:babel:server-data-loaders Skipping file outside app directory: C:\Users\iceku\Documents\Codex\2026-09-17\c-gps-ev\Gps_EV\EVChargingMap\node_modules\expo-location\build\Location.js
| 2026-09-17T05:29:18.400Z expo:babel:server-data-loaders Skipping file outside app directory: C:\Users\iceku\Documents\Codex\2026-09-17\c-gps-ev\Gps_EV\EVChargingMap\node_modules\expo-location\build\Location.js
| 2026-09-17T05:29:18.485Z expo:babel:server-data-loaders Skipping file outside app directory: C:\Users\iceku\Documents\Codex\2026-09-17\c-gps-ev\Gps_EV\EVChargingMap\node_modules\expo-modules-core\src\polyfill\CoreModule.ts
| 2026-09-17T05:29:18.489Z expo:babel:server-data-loaders Skipping file outside app directory: C:\Users\iceku\Documents\Codex\2026-09-17\c-gps-ev\Gps_EV\EVChargingMap\node_modules\expo-modules-core\src\polyfill\CoreModule.ts
| 2026-09-17T05:29:18.489Z expo:babel:server-data-loaders Skipping file outside app directory: C:\Users\iceku\Documents\Codex\2026-09-17\c-gps-ev\Gps_EV\EVChargingMap\node_modules\expo-modules-core\src\polyfill\CoreModule.ts
| 2026-09-17T05:29:18.491Z expo:babel:server-data-loaders Skipping file outside app directory: C:\Users\iceku\Documents\Codex\2026-09-17\c-gps-ev\Gps_EV\EVChargingMap\node_modules\expo-modules-core\src\polyfill\CoreModule.ts
| 2026-09-17T05:29:18.628Z expo:babel:exports Found assignment to module.exports or exports at 37
| 2026-09-17T05:29:18.639Z expo:babel:exports Found assignment to module.exports or exports at 6
| 2026-09-17T05:29:18.646Z expo:babel:exports Found assignment to module.exports or exports at 37
| 2026-09-17T05:29:18.618Z expo:babel:exports Found assignment to module.exports or exports at 36
| 2026-09-17T05:29:18.676Z expo:babel:exports Found assignment to module.exports or exports at 40
| 2026-09-17T05:29:18.760Z expo:babel:exports Found assignment to module.exports or exports at 4
| 2026-09-17T05:29:18.761Z expo:babel:exports Found assignment to module.exports or exports at 4
| 2026-09-17T05:29:18.774Z expo:babel:exports Found assignment to module.exports or exports at 37
| 2026-09-17T05:29:18.780Z expo:babel:exports Found assignment to module.exports or exports at 8
| 2026-09-17T05:29:18.783Z expo:babel:exports Found assignment to module.exports or exports at 37
| 2026-09-17T05:29:18.784Z expo:babel:exports Found assignment to module.exports or exports at 3
| 2026-09-17T05:29:18.661Z expo:babel:exports Found assignment to module.exports or exports at 37
| 2026-09-17T05:29:18.642Z expo:babel:exports Found assignment to module.exports or exports at 37
| 2026-09-17T05:29:18.803Z expo:babel:exports Found assignment to module.exports or exports at 3
| 2026-09-17T05:29:18.811Z expo:babel:exports Found assignment to module.exports or exports at 40
| 2026-09-17T05:29:18.817Z expo:babel:exports Found assignment to module.exports or exports at 37
| 2026-09-17T05:29:18.828Z expo:babel:exports Found assignment to module.exports or exports at 3
| 2026-09-17T05:29:18.869Z expo:babel:exports Found assignment to module.exports or exports at 37
| 2026-09-17T05:29:18.874Z expo:babel:exports Found assignment to module.exports or exports at 37
| 2026-09-17T05:29:18.881Z expo:babel:exports Found assignment to module.exports or exports at 4
| 2026-09-17T05:29:18.890Z expo:babel:exports Found assignment to module.exports or exports at 37
| 2026-09-17T05:29:18.894Z expo:babel:exports Found assignment to module.exports or exports at 37
| 2026-09-17T05:29:18.846Z expo:babel:exports Found assignment to module.exports or exports at 36
| 2026-09-17T05:29:18.935Z expo:babel:exports Found assignment to module.exports or exports at 4
| 2026-09-17T05:29:18.949Z expo:babel:exports Found assignment to module.exports or exports at 4
| 2026-09-17T05:29:18.959Z expo:babel:exports Found assignment to module.exports or exports at 37
| 2026-09-17T05:29:18.985Z expo:babel:server-data-loaders Skipping file outside app directory: C:\Users\iceku\Documents\Codex\2026-09-17\c-gps-ev\Gps_EV\EVChargingMap\node_modules\expo-asset\build\PlatformUtils.web.js
| 2026-09-17T05:29:18.992Z expo:babel:exports Found assignment to module.exports or exports at 3
| 2026-09-17T05:29:18.985Z expo:babel:server-data-loaders Skipping file outside app directory: C:\Users\iceku\Documents\Codex\2026-09-17\c-gps-ev\Gps_EV\EVChargingMap\node_modules\expo-asset\build\PlatformUtils.web.js
| 2026-09-17T05:29:18.985Z expo:babel:server-data-loaders Skipping file outside app directory: C:\Users\iceku\Documents\Codex\2026-09-17\c-gps-ev\Gps_EV\EVChargingMap\node_modules\expo-asset\build\PlatformUtils.web.js
| 2026-09-17T05:29:18.985Z expo:babel:server-data-loaders Skipping file outside app directory: C:\Users\iceku\Documents\Codex\2026-09-17\c-gps-ev\Gps_EV\EVChargingMap\node_modules\expo-asset\build\PlatformUtils.web.js
| 2026-09-17T05:29:18.998Z expo:babel:exports Found assignment to module.exports or exports at 3
| 2026-09-17T05:29:19.015Z expo:babel:exports Found assignment to module.exports or exports at 3
| 2026-09-17T05:29:19.026Z expo:babel:server-data-loaders Skipping file outside app directory: C:\Users\iceku\Documents\Codex\2026-09-17\c-gps-ev\Gps_EV\EVChargingMap\node_modules\expo-asset\build\resolveAssetSource.js
| 2026-09-17T05:29:19.022Z expo:babel:exports Found assignment to module.exports or exports at 4
| 2026-09-17T05:29:19.047Z expo:babel:exports Found assignment to module.exports or exports at 40
| 2026-09-17T05:29:19.057Z expo:babel:server-data-loaders Skipping file outside app directory: C:\Users\iceku\Documents\Codex\2026-09-17\c-gps-ev\Gps_EV\EVChargingMap\node_modules\expo-asset\build\LocalAssets.web.js
| 2026-09-17T05:29:19.027Z expo:babel:server-data-loaders Skipping file outside app directory: C:\Users\iceku\Documents\Codex\2026-09-17\c-gps-ev\Gps_EV\EVChargingMap\node_modules\expo-asset\build\resolveAssetSource.js
| 2026-09-17T05:29:19.069Z expo:babel:exports Found assignment to module.exports or exports at 3
| 2026-09-17T05:29:19.086Z expo:babel:server-data-loaders Skipping file outside app directory: C:\Users\iceku\Documents\Codex\2026-09-17\c-gps-ev\Gps_EV\EVChargingMap\node_modules\expo-asset\build\ImageAssets.js
| 2026-09-17T05:29:19.073Z expo:babel:exports Found assignment to module.exports or exports at 3
| 2026-09-17T05:29:19.098Z expo:babel:exports Found assignment to module.exports or exports at 37
| 2026-09-17T05:29:19.086Z expo:babel:server-data-loaders Skipping file outside app directory: C:\Users\iceku\Documents\Codex\2026-09-17\c-gps-ev\Gps_EV\EVChargingMap\node_modules\expo-asset\build\ImageAssets.js
| 2026-09-17T05:29:19.042Z expo:babel:exports Found assignment to module.exports or exports at 36
| 2026-09-17T05:29:19.131Z expo:babel:server-data-loaders Skipping file outside app directory: C:\Users\iceku\Documents\Codex\2026-09-17\c-gps-ev\Gps_EV\EVChargingMap\node_modules\expo-asset\build\AssetSources.js
| 2026-09-17T05:29:19.137Z expo:babel:server-data-loaders Skipping file outside app directory: C:\Users\iceku\Documents\Codex\2026-09-17\c-gps-ev\Gps_EV\EVChargingMap\node_modules\expo-asset\build\ExpoAsset.web.js
| 2026-09-17T05:29:19.151Z expo:babel:exports Found assignment to module.exports or exports at 3
| 2026-09-17T05:29:19.159Z expo:babel:exports Found assignment to module.exports or exports at 3
| 2026-09-17T05:29:19.156Z expo:babel:exports Found assignment to module.exports or exports at 3
| 2026-09-17T05:29:19.132Z expo:babel:server-data-loaders Skipping file outside app directory: C:\Users\iceku\Documents\Codex\2026-09-17\c-gps-ev\Gps_EV\EVChargingMap\node_modules\expo-asset\build\AssetSources.js
| 2026-09-17T05:29:19.204Z expo:babel:exports Found assignment to module.exports or exports at 4
| 2026-09-17T05:29:19.163Z expo:babel:server-data-loaders Skipping file outside app directory: C:\Users\iceku\Documents\Codex\2026-09-17\c-gps-ev\Gps_EV\EVChargingMap\node_modules\expo-asset\build\AssetUris.js
| 2026-09-17T05:29:19.165Z expo:babel:server-data-loaders Skipping file outside app directory: C:\Users\iceku\Documents\Codex\2026-09-17\c-gps-ev\Gps_EV\EVChargingMap\node_modules\expo-asset\build\AssetUris.js
| 2026-09-17T05:29:19.165Z expo:babel:server-data-loaders Skipping file outside app directory: C:\Users\iceku\Documents\Codex\2026-09-17\c-gps-ev\Gps_EV\EVChargingMap\node_modules\expo-asset\build\AssetUris.js
| 2026-09-17T05:29:19.214Z expo:babel:exports Found assignment to module.exports or exports at 7
| 2026-09-17T05:29:19.216Z expo:babel:exports Found assignment to module.exports or exports at 3
| 2026-09-17T05:29:19.230Z expo:babel:exports Found assignment to module.exports or exports at 3
| 2026-09-17T05:29:19.269Z expo:babel:exports Found assignment to module.exports or exports at 36
| 2026-09-17T05:29:19.213Z expo:babel:exports Found assignment to module.exports or exports at 36
| 2026-09-17T05:29:19.287Z expo:babel:exports Found assignment to module.exports or exports at 36
| 2026-09-17T05:29:19.306Z expo:babel:server-data-loaders Skipping file outside app directory: C:\Users\iceku\Documents\Codex\2026-09-17\c-gps-ev\Gps_EV\EVChargingMap\node_modules\react-native-safe-area-context\lib\module\InitialWindow.js
| 2026-09-17T05:29:19.260Z expo:babel:exports Found assignment to module.exports or exports at 7
| 2026-09-17T05:29:19.281Z expo:babel:exports Found assignment to module.exports or exports at 7
| 2026-09-17T05:29:19.271Z expo:babel:server-data-loaders Skipping file outside app directory: C:\Users\iceku\Documents\Codex\2026-09-17\c-gps-ev\Gps_EV\EVChargingMap\node_modules\react-native-safe-area-context\lib\module\SafeAreaView.web.js
| 2026-09-17T05:29:19.306Z expo:babel:server-data-loaders Skipping file outside app directory: C:\Users\iceku\Documents\Codex\2026-09-17\c-gps-ev\Gps_EV\EVChargingMap\node_modules\react-native-safe-area-context\lib\module\InitialWindow.js
| 2026-09-17T05:29:19.239Z expo:babel:exports Found assignment to module.exports or exports at 36
| 2026-09-17T05:29:19.388Z expo:babel:server-data-loaders Skipping file outside app directory: C:\Users\iceku\Documents\Codex\2026-09-17\c-gps-ev\Gps_EV\EVChargingMap\node_modules\react-native-safe-area-context\lib\module\SafeArea.types.js
| 2026-09-17T05:29:19.399Z expo:babel:exports Found assignment to module.exports or exports at 3
| 2026-09-17T05:29:19.407Z expo:babel:exports Found assignment to module.exports or exports at 36
| 2026-09-17T05:29:19.402Z expo:babel:exports Found assignment to module.exports or exports at 3
| 2026-09-17T05:29:19.328Z expo:babel:server-data-loaders Skipping file outside app directory: C:\Users\iceku\Documents\Codex\2026-09-17\c-gps-ev\Gps_EV\EVChargingMap\node_modules\react-native-safe-area-context\lib\module\SafeAreaContext.js
| 2026-09-17T05:29:19.328Z expo:babel:server-data-loaders Skipping file outside app directory: C:\Users\iceku\Documents\Codex\2026-09-17\c-gps-ev\Gps_EV\EVChargingMap\node_modules\react-native-safe-area-context\lib\module\SafeAreaContext.js
| 2026-09-17T05:29:19.328Z expo:babel:server-data-loaders Skipping file outside app directory: C:\Users\iceku\Documents\Codex\2026-09-17\c-gps-ev\Gps_EV\EVChargingMap\node_modules\react-native-safe-area-context\lib\module\SafeAreaContext.js
| 2026-09-17T05:29:19.329Z expo:babel:server-data-loaders Skipping file outside app directory: C:\Users\iceku\Documents\Codex\2026-09-17\c-gps-ev\Gps_EV\EVChargingMap\node_modules\react-native-safe-area-context\lib\module\SafeAreaContext.js
| 2026-09-17T05:29:19.330Z expo:babel:server-data-loaders Skipping file outside app directory: C:\Users\iceku\Documents\Codex\2026-09-17\c-gps-ev\Gps_EV\EVChargingMap\node_modules\react-native-safe-area-context\lib\module\SafeAreaContext.js
| 2026-09-17T05:29:19.330Z expo:babel:server-data-loaders Skipping file outside app directory: C:\Users\iceku\Documents\Codex\2026-09-17\c-gps-ev\Gps_EV\EVChargingMap\node_modules\react-native-safe-area-context\lib\module\SafeAreaContext.js
| 2026-09-17T05:29:19.330Z expo:babel:server-data-loaders Skipping file outside app directory: C:\Users\iceku\Documents\Codex\2026-09-17\c-gps-ev\Gps_EV\EVChargingMap\node_modules\react-native-safe-area-context\lib\module\SafeAreaContext.js
| 2026-09-17T05:29:19.330Z expo:babel:server-data-loaders Skipping file outside app directory: C:\Users\iceku\Documents\Codex\2026-09-17\c-gps-ev\Gps_EV\EVChargingMap\node_modules\react-native-safe-area-context\lib\module\SafeAreaContext.js
| 2026-09-17T05:29:19.330Z expo:babel:server-data-loaders Skipping file outside app directory: C:\Users\iceku\Documents\Codex\2026-09-17\c-gps-ev\Gps_EV\EVChargingMap\node_modules\react-native-safe-area-context\lib\module\SafeAreaContext.js
| 2026-09-17T05:29:19.330Z expo:babel:server-data-loaders Skipping file outside app directory: C:\Users\iceku\Documents\Codex\2026-09-17\c-gps-ev\Gps_EV\EVChargingMap\node_modules\react-native-safe-area-context\lib\module\SafeAreaContext.js
| 2026-09-17T05:29:19.424Z expo:babel:exports Found assignment to module.exports or exports at 6
| 2026-09-17T05:29:19.423Z expo:babel:exports Found assignment to module.exports or exports at 3
| 2026-09-17T05:29:19.449Z expo:babel:exports Found assignment to module.exports or exports at 36
| 2026-09-17T05:29:19.415Z expo:babel:exports Found assignment to module.exports or exports at 36
| 2026-09-17T05:29:19.442Z expo:babel:exports Found assignment to module.exports or exports at 36
| 2026-09-17T05:29:19.481Z expo:babel:server-data-loaders Skipping file outside app directory: C:\Users\iceku\Documents\Codex\2026-09-17\c-gps-ev\Gps_EV\EVChargingMap\node_modules\react-native-screens\lib\module\index.js
| 2026-09-17T05:29:19.452Z expo:babel:exports Found assignment to module.exports or exports at 36
| 2026-09-17T05:29:19.449Z expo:babel:exports Found assignment to module.exports or exports at 36
| 2026-09-17T05:29:19.521Z expo:babel:exports Found assignment to module.exports or exports at 3
| 2026-09-17T05:29:19.506Z expo:babel:exports Found assignment to module.exports or exports at 3
| 2026-09-17T05:29:19.481Z expo:babel:server-data-loaders Skipping file outside app directory: C:\Users\iceku\Documents\Codex\2026-09-17\c-gps-ev\Gps_EV\EVChargingMap\node_modules\react-native-screens\lib\module\index.js
| 2026-09-17T05:29:19.481Z expo:babel:server-data-loaders Skipping file outside app directory: C:\Users\iceku\Documents\Codex\2026-09-17\c-gps-ev\Gps_EV\EVChargingMap\node_modules\react-native-screens\lib\module\index.js
| 2026-09-17T05:29:19.481Z expo:babel:server-data-loaders Skipping file outside app directory: C:\Users\iceku\Documents\Codex\2026-09-17\c-gps-ev\Gps_EV\EVChargingMap\node_modules\react-native-screens\lib\module\index.js
| 2026-09-17T05:29:19.481Z expo:babel:server-data-loaders Skipping file outside app directory: C:\Users\iceku\Documents\Codex\2026-09-17\c-gps-ev\Gps_EV\EVChargingMap\node_modules\react-native-screens\lib\module\index.js
| 2026-09-17T05:29:19.481Z expo:babel:server-data-loaders Skipping file outside app directory: C:\Users\iceku\Documents\Codex\2026-09-17\c-gps-ev\Gps_EV\EVChargingMap\node_modules\react-native-screens\lib\module\index.js
| 2026-09-17T05:29:19.481Z expo:babel:server-data-loaders Skipping file outside app directory: C:\Users\iceku\Documents\Codex\2026-09-17\c-gps-ev\Gps_EV\EVChargingMap\node_modules\react-native-screens\lib\module\index.js
| 2026-09-17T05:29:19.481Z expo:babel:server-data-loaders Skipping file outside app directory: C:\Users\iceku\Documents\Codex\2026-09-17\c-gps-ev\Gps_EV\EVChargingMap\node_modules\react-native-screens\lib\module\index.js
| 2026-09-17T05:29:19.481Z expo:babel:server-data-loaders Skipping file outside app directory: C:\Users\iceku\Documents\Codex\2026-09-17\c-gps-ev\Gps_EV\EVChargingMap\node_modules\react-native-screens\lib\module\index.js
| 2026-09-17T05:29:19.481Z expo:babel:server-data-loaders Skipping file outside app directory: C:\Users\iceku\Documents\Codex\2026-09-17\c-gps-ev\Gps_EV\EVChargingMap\node_modules\react-native-screens\lib\module\index.js
| 2026-09-17T05:29:19.481Z expo:babel:server-data-loaders Skipping file outside app directory: C:\Users\iceku\Documents\Codex\2026-09-17\c-gps-ev\Gps_EV\EVChargingMap\node_modules\react-native-screens\lib\module\index.js
| 2026-09-17T05:29:19.482Z expo:babel:server-data-loaders Skipping file outside app directory: C:\Users\iceku\Documents\Codex\2026-09-17\c-gps-ev\Gps_EV\EVChargingMap\node_modules\react-native-screens\lib\module\index.js
| 2026-09-17T05:29:19.482Z expo:babel:server-data-loaders Skipping file outside app directory: C:\Users\iceku\Documents\Codex\2026-09-17\c-gps-ev\Gps_EV\EVChargingMap\node_modules\react-native-screens\lib\module\index.js
| 2026-09-17T05:29:19.498Z expo:babel:exports Found assignment to module.exports or exports at 3
| 2026-09-17T05:29:19.567Z expo:babel:exports Found assignment to module.exports or exports at 10
| 2026-09-17T05:29:19.559Z expo:babel:exports Found assignment to module.exports or exports at 3
| 2026-09-17T05:29:19.565Z expo:babel:exports Found assignment to module.exports or exports at 10
| 2026-09-17T05:29:19.581Z expo:babel:exports Found assignment to module.exports or exports at 3
| 2026-09-17T05:29:19.647Z expo:babel:server-data-loaders Skipping file outside app directory: C:\Users\iceku\Documents\Codex\2026-09-17\c-gps-ev\Gps_EV\EVChargingMap\node_modules\expo-linking\build\createURL.web.js
| 2026-09-17T05:29:19.455Z expo:babel:exports Found assignment to module.exports or exports at 6
| 2026-09-17T05:29:19.648Z expo:babel:server-data-loaders Skipping file outside app directory: C:\Users\iceku\Documents\Codex\2026-09-17\c-gps-ev\Gps_EV\EVChargingMap\node_modules\expo-linking\build\createURL.web.js
| 2026-09-17T05:29:19.579Z expo:babel:exports Found assignment to module.exports or exports at 3
| 2026-09-17T05:29:19.692Z expo:babel:server-data-loaders Skipping file outside app directory: C:\Users\iceku\Documents\Codex\2026-09-17\c-gps-ev\Gps_EV\EVChargingMap\node_modules\expo-linking\build\validateURL.js
| 2026-09-17T05:29:19.696Z expo:babel:server-data-loaders Skipping file outside app directory: C:\Users\iceku\Documents\Codex\2026-09-17\c-gps-ev\Gps_EV\EVChargingMap\node_modules\expo-linking\build\Schemes.web.js
| 2026-09-17T05:29:19.696Z expo:babel:server-data-loaders Skipping file outside app directory: C:\Users\iceku\Documents\Codex\2026-09-17\c-gps-ev\Gps_EV\EVChargingMap\node_modules\expo-linking\build\Linking.types.js
| 2026-09-17T05:29:19.696Z expo:babel:server-data-loaders Skipping file outside app directory: C:\Users\iceku\Documents\Codex\2026-09-17\c-gps-ev\Gps_EV\EVChargingMap\node_modules\expo-linking\build\Schemes.web.js
| 2026-09-17T05:29:19.696Z expo:babel:server-data-loaders Skipping file outside app directory: C:\Users\iceku\Documents\Codex\2026-09-17\c-gps-ev\Gps_EV\EVChargingMap\node_modules\expo-linking\build\Schemes.web.js
| 2026-09-17T05:29:19.696Z expo:babel:server-data-loaders Skipping file outside app directory: C:\Users\iceku\Documents\Codex\2026-09-17\c-gps-ev\Gps_EV\EVChargingMap\node_modules\expo-linking\build\Schemes.web.js
| 2026-09-17T05:29:19.709Z expo:babel:exports Found assignment to module.exports or exports at 37
| 2026-09-17T05:29:19.710Z expo:babel:exports Found assignment to module.exports or exports at 4
| 2026-09-17T05:29:19.711Z expo:babel:exports Found assignment to module.exports or exports at 3
| 2026-09-17T05:29:19.707Z expo:babel:exports Found assignment to module.exports or exports at 3
| 2026-09-17T05:29:19.789Z expo:babel:exports Found assignment to module.exports or exports at 3
| 2026-09-17T05:29:19.806Z expo:babel:exports Found assignment to module.exports or exports at 24
| 2026-09-17T05:29:19.785Z expo:babel:exports Found assignment to module.exports or exports at 3
| 2026-09-17T05:29:19.802Z expo:babel:exports Found assignment to module.exports or exports at 3
| 2026-09-17T05:29:19.837Z expo:babel:exports Found assignment to module.exports or exports at 37
| 2026-09-17T05:29:19.845Z expo:babel:server-data-loaders Skipping file outside app directory: C:\Users\iceku\Documents\Codex\2026-09-17\c-gps-ev\Gps_EV\EVChargingMap\node_modules\expo-constants\build\Constants.types.js
| 2026-09-17T05:29:19.847Z expo:babel:exports Found assignment to module.exports or exports at 3
| 2026-09-17T05:29:19.845Z expo:babel:server-data-loaders Skipping file outside app directory: C:\Users\iceku\Documents\Codex\2026-09-17\c-gps-ev\Gps_EV\EVChargingMap\node_modules\expo-constants\build\Constants.types.js
| 2026-09-17T05:29:19.846Z expo:babel:server-data-loaders Skipping file outside app directory: C:\Users\iceku\Documents\Codex\2026-09-17\c-gps-ev\Gps_EV\EVChargingMap\node_modules\expo-constants\build\Constants.types.js
| 2026-09-17T05:29:19.877Z expo:babel:exports Found assignment to module.exports or exports at 3
| 2026-09-17T05:29:19.869Z expo:babel:exports Found assignment to module.exports or exports at 4
| 2026-09-17T05:29:19.944Z expo:babel:exports Found assignment to module.exports or exports at 37
| 2026-09-17T05:29:19.897Z expo:babel:exports Found assignment to module.exports or exports at 4
| 2026-09-17T05:29:19.965Z expo:babel:exports Found assignment to module.exports or exports at 3
| 2026-09-17T05:29:19.981Z expo:babel:exports Found assignment to module.exports or exports at 37
| 2026-09-17T05:29:19.893Z expo:babel:exports Found assignment to module.exports or exports at 36
| 2026-09-17T05:29:20.002Z expo:babel:exports Found assignment to module.exports or exports at 3
| 2026-09-17T05:29:20.029Z expo:babel:exports Found assignment to module.exports or exports at 37
| 2026-09-17T05:29:20.075Z expo:babel:exports Found assignment to module.exports or exports at 37
| 2026-09-17T05:29:20.132Z expo:babel:exports Found assignment to module.exports or exports at 3
| 2026-09-17T05:29:20.140Z expo:babel:server-data-loaders Skipping file outside app directory: C:\Users\iceku\Documents\Codex\2026-09-17\c-gps-ev\Gps_EV\EVChargingMap\node_modules\react-native-web\dist\modules\useResponderEvents\ResponderSystem.js
| 2026-09-17T05:29:19.950Z expo:babel:exports Found assignment to module.exports or exports at 37
| 2026-09-17T05:29:20.177Z expo:babel:exports Found assignment to module.exports or exports at 3
| 2026-09-17T05:29:20.177Z expo:babel:exports Found assignment to module.exports or exports at 37
| 2026-09-17T05:29:20.167Z expo:babel:server-data-loaders Skipping file outside app directory: C:\Users\iceku\Documents\Codex\2026-09-17\c-gps-ev\Gps_EV\EVChargingMap\node_modules\react-native-web\dist\vendor\react-native\VirtualizeUtils\index.js
| 2026-09-17T05:29:20.167Z expo:babel:server-data-loaders Skipping file outside app directory: C:\Users\iceku\Documents\Codex\2026-09-17\c-gps-ev\Gps_EV\EVChargingMap\node_modules\react-native-web\dist\vendor\react-native\VirtualizeUtils\index.js
| 2026-09-17T05:29:20.168Z expo:babel:server-data-loaders Skipping file outside app directory: C:\Users\iceku\Documents\Codex\2026-09-17\c-gps-ev\Gps_EV\EVChargingMap\node_modules\react-native-web\dist\vendor\react-native\VirtualizeUtils\index.js
| 2026-09-17T05:29:20.169Z expo:babel:server-data-loaders Skipping file outside app directory: C:\Users\iceku\Documents\Codex\2026-09-17\c-gps-ev\Gps_EV\EVChargingMap\node_modules\react-native-web\dist\vendor\react-native\VirtualizeUtils\index.js
| 2026-09-17T05:29:20.253Z expo:babel:exports Found assignment to module.exports or exports at 3
| 2026-09-17T05:29:20.140Z expo:babel:server-data-loaders Skipping file outside app directory: C:\Users\iceku\Documents\Codex\2026-09-17\c-gps-ev\Gps_EV\EVChargingMap\node_modules\react-native-web\dist\modules\useResponderEvents\ResponderSystem.js
| 2026-09-17T05:29:20.141Z expo:babel:server-data-loaders Skipping file outside app directory: C:\Users\iceku\Documents\Codex\2026-09-17\c-gps-ev\Gps_EV\EVChargingMap\node_modules\react-native-web\dist\modules\useResponderEvents\ResponderSystem.js
| 2026-09-17T05:29:20.141Z expo:babel:server-data-loaders Skipping file outside app directory: C:\Users\iceku\Documents\Codex\2026-09-17\c-gps-ev\Gps_EV\EVChargingMap\node_modules\react-native-web\dist\modules\useResponderEvents\ResponderSystem.js
| 2026-09-17T05:29:20.141Z expo:babel:server-data-loaders Skipping file outside app directory: C:\Users\iceku\Documents\Codex\2026-09-17\c-gps-ev\Gps_EV\EVChargingMap\node_modules\react-native-web\dist\modules\useResponderEvents\ResponderSystem.js
| 2026-09-17T05:29:20.299Z expo:babel:exports Found assignment to module.exports or exports at 37
| 2026-09-17T05:29:20.313Z expo:babel:exports Found assignment to module.exports or exports at 4
| 2026-09-17T05:29:20.317Z expo:babel:exports Found assignment to module.exports or exports at 36
| 2026-09-17T05:29:20.280Z expo:babel:exports Found assignment to module.exports or exports at 3
| 2026-09-17T05:29:20.302Z expo:babel:exports Found assignment to module.exports or exports at 37
| 2026-09-17T05:29:20.350Z expo:babel:exports Found assignment to module.exports or exports at 37
| 2026-09-17T05:29:20.361Z expo:babel:exports Found assignment to module.exports or exports at 39
| 2026-09-17T05:29:20.103Z expo:babel:exports Found assignment to module.exports or exports at 40
| 2026-09-17T05:29:20.379Z expo:babel:exports Found assignment to module.exports or exports at 3
| 2026-09-17T05:29:20.389Z expo:babel:exports Found assignment to module.exports or exports at 37
| 2026-09-17T05:29:20.402Z expo:babel:exports Found assignment to module.exports or exports at 40
| 2026-09-17T05:29:20.432Z expo:babel:exports Found assignment to module.exports or exports at 3
| 2026-09-17T05:29:20.458Z expo:babel:exports Found assignment to module.exports or exports at 37
| 2026-09-17T05:29:20.490Z expo:babel:exports Found assignment to module.exports or exports at 4
| 2026-09-17T05:29:20.416Z expo:babel:exports Found assignment to module.exports or exports at 37
| 2026-09-17T05:29:20.540Z expo:babel:exports Found assignment to module.exports or exports at 40
| 2026-09-17T05:29:20.545Z expo:babel:exports Found assignment to module.exports or exports at 4
| 2026-09-17T05:29:20.536Z expo:babel:exports Found assignment to module.exports or exports at 37
| 2026-09-17T05:29:20.589Z expo:babel:exports Found assignment to module.exports or exports at 40
| 2026-09-17T05:29:20.573Z expo:babel:exports Found assignment to module.exports or exports at 4
| 2026-09-17T05:29:20.585Z expo:babel:exports Found assignment to module.exports or exports at 4
| 2026-09-17T05:29:20.598Z expo:babel:exports Found assignment to module.exports or exports at 40
| 2026-09-17T05:29:20.628Z expo:babel:exports Found assignment to module.exports or exports at 3
| 2026-09-17T05:29:20.649Z expo:babel:exports Found assignment to module.exports or exports at 3
| 2026-09-17T05:29:20.663Z expo:babel:exports Found assignment to module.exports or exports at 3
| 2026-09-17T05:29:20.697Z expo:babel:exports Found assignment to module.exports or exports at 53
| 2026-09-17T05:29:20.709Z expo:babel:server-data-loaders Skipping file outside app directory: C:\Users\iceku\Documents\Codex\2026-09-17\c-gps-ev\Gps_EV\EVChargingMap\node_modules\@babel\runtime\helpers\esm\toPrimitive.js
| 2026-09-17T05:29:20.717Z expo:babel:server-data-loaders Skipping file outside app directory: C:\Users\iceku\Documents\Codex\2026-09-17\c-gps-ev\Gps_EV\EVChargingMap\node_modules\@babel\runtime\helpers\esm\typeof.js
| 2026-09-17T05:29:20.761Z expo:babel:exports Found assignment to module.exports or exports at 3
| 2026-09-17T05:29:20.806Z expo:babel:server-data-loaders Skipping file outside app directory: C:\Users\iceku\Documents\Codex\2026-09-17\c-gps-ev\Gps_EV\EVChargingMap\node_modules\react-native-web\dist\vendor\react-native\Animated\NativeAnimatedHelper.js
| 2026-09-17T05:29:20.808Z expo:babel:server-data-loaders Skipping file outside app directory: C:\Users\iceku\Documents\Codex\2026-09-17\c-gps-ev\Gps_EV\EVChargingMap\node_modules\expo\src\async-require\loadBundle.ts
| 2026-09-17T05:29:20.813Z expo:babel:exports Found assignment to module.exports or exports at 14
| 2026-09-17T05:29:20.791Z expo:babel:server-data-loaders Skipping file outside app directory: C:\Users\iceku\Documents\Codex\2026-09-17\c-gps-ev\Gps_EV\EVChargingMap\node_modules\expo\src\winter\ImportMetaRegistry.ts
| 2026-09-17T05:29:20.864Z expo:babel:exports Found assignment to module.exports or exports at 10
| 2026-09-17T05:29:20.896Z expo:babel:exports Found assignment to module.exports or exports at 6
| 2026-09-17T05:29:20.903Z expo:babel:exports Found assignment to module.exports or exports at 6
| 2026-09-17T05:29:20.920Z expo:babel:exports Found assignment to module.exports or exports at 6
| 2026-09-17T05:29:20.929Z expo:babel:exports Found assignment to module.exports or exports at 6
| 2026-09-17T05:29:20.932Z expo:babel:exports Found assignment to module.exports or exports at 6
| 2026-09-17T05:29:20.950Z expo:babel:exports Found assignment to module.exports or exports at 6
| 2026-09-17T05:29:20.984Z expo:babel:exports Found assignment to module.exports or exports at 6
| 2026-09-17T05:29:20.985Z expo:babel:exports Found assignment to module.exports or exports at 6
| 2026-09-17T05:29:20.992Z expo:babel:exports Found assignment to module.exports or exports at 6
| 2026-09-17T05:29:20.993Z expo:babel:exports Found assignment to module.exports or exports at 12
| 2026-09-17T05:29:21.023Z expo:babel:server-data-loaders Skipping file outside app directory: C:\Users\iceku\Documents\Codex\2026-09-17\c-gps-ev\Gps_EV\EVChargingMap\node_modules\react-native-maps\src\index.ts
| 2026-09-17T05:29:21.038Z expo:babel:exports Found assignment to module.exports or exports at 6
| 2026-09-17T05:29:21.040Z expo:babel:server-data-loaders Skipping file outside app directory: C:\Users\iceku\Documents\Codex\2026-09-17\c-gps-ev\Gps_EV\EVChargingMap\node_modules\@babel\runtime\helpers\esm\unsupportedIterableToArray.js
| 2026-09-17T05:29:21.040Z expo:babel:exports Found assignment to module.exports or exports at 28
| 2026-09-17T05:29:21.045Z expo:babel:exports Found assignment to module.exports or exports at 11
| 2026-09-17T05:29:21.069Z expo:babel:exports Found assignment to module.exports or exports at 38
| 2026-09-17T05:29:21.096Z expo:babel:server-data-loaders Skipping file outside app directory: C:\Users\iceku\Documents\Codex\2026-09-17\c-gps-ev\Gps_EV\EVChargingMap\node_modules\@react-native-async-storage\async-storage\lib\module\index.js
| 2026-09-17T05:29:21.023Z expo:babel:server-data-loaders Skipping file outside app directory: C:\Users\iceku\Documents\Codex\2026-09-17\c-gps-ev\Gps_EV\EVChargingMap\node_modules\react-native-maps\src\index.ts
| 2026-09-17T05:29:21.023Z expo:babel:server-data-loaders Skipping file outside app directory: C:\Users\iceku\Documents\Codex\2026-09-17\c-gps-ev\Gps_EV\EVChargingMap\node_modules\react-native-maps\src\index.ts
| 2026-09-17T05:29:21.023Z expo:babel:server-data-loaders Skipping file outside app directory: C:\Users\iceku\Documents\Codex\2026-09-17\c-gps-ev\Gps_EV\EVChargingMap\node_modules\react-native-maps\src\index.ts
| 2026-09-17T05:29:21.023Z expo:babel:server-data-loaders Skipping file outside app directory: C:\Users\iceku\Documents\Codex\2026-09-17\c-gps-ev\Gps_EV\EVChargingMap\node_modules\react-native-maps\src\index.ts
| 2026-09-17T05:29:21.023Z expo:babel:server-data-loaders Skipping file outside app directory: C:\Users\iceku\Documents\Codex\2026-09-17\c-gps-ev\Gps_EV\EVChargingMap\node_modules\react-native-maps\src\index.ts
| 2026-09-17T05:29:21.023Z expo:babel:server-data-loaders Skipping file outside app directory: C:\Users\iceku\Documents\Codex\2026-09-17\c-gps-ev\Gps_EV\EVChargingMap\node_modules\react-native-maps\src\index.ts
| 2026-09-17T05:29:21.023Z expo:babel:server-data-loaders Skipping file outside app directory: C:\Users\iceku\Documents\Codex\2026-09-17\c-gps-ev\Gps_EV\EVChargingMap\node_modules\react-native-maps\src\index.ts
| 2026-09-17T05:29:21.023Z expo:babel:server-data-loaders Skipping file outside app directory: C:\Users\iceku\Documents\Codex\2026-09-17\c-gps-ev\Gps_EV\EVChargingMap\node_modules\react-native-maps\src\index.ts
| 2026-09-17T05:29:21.023Z expo:babel:server-data-loaders Skipping file outside app directory: C:\Users\iceku\Documents\Codex\2026-09-17\c-gps-ev\Gps_EV\EVChargingMap\node_modules\react-native-maps\src\index.ts
| 2026-09-17T05:29:21.023Z expo:babel:server-data-loaders Skipping file outside app directory: C:\Users\iceku\Documents\Codex\2026-09-17\c-gps-ev\Gps_EV\EVChargingMap\node_modules\react-native-maps\src\index.ts
| 2026-09-17T05:29:21.024Z expo:babel:server-data-loaders Skipping file outside app directory: C:\Users\iceku\Documents\Codex\2026-09-17\c-gps-ev\Gps_EV\EVChargingMap\node_modules\react-native-maps\src\index.ts
| 2026-09-17T05:29:21.024Z expo:babel:server-data-loaders Skipping file outside app directory: C:\Users\iceku\Documents\Codex\2026-09-17\c-gps-ev\Gps_EV\EVChargingMap\node_modules\react-native-maps\src\index.ts
| 2026-09-17T05:29:21.024Z expo:babel:server-data-loaders Skipping file outside app directory: C:\Users\iceku\Documents\Codex\2026-09-17\c-gps-ev\Gps_EV\EVChargingMap\node_modules\react-native-maps\src\index.ts
| 2026-09-17T05:29:21.024Z expo:babel:server-data-loaders Skipping file outside app directory: C:\Users\iceku\Documents\Codex\2026-09-17\c-gps-ev\Gps_EV\EVChargingMap\node_modules\react-native-maps\src\index.ts
| 2026-09-17T05:29:21.024Z expo:babel:server-data-loaders Skipping file outside app directory: C:\Users\iceku\Documents\Codex\2026-09-17\c-gps-ev\Gps_EV\EVChargingMap\node_modules\react-native-maps\src\index.ts
| 2026-09-17T05:29:21.024Z expo:babel:server-data-loaders Skipping file outside app directory: C:\Users\iceku\Documents\Codex\2026-09-17\c-gps-ev\Gps_EV\EVChargingMap\node_modules\react-native-maps\src\index.ts
| 2026-09-17T05:29:21.122Z expo:babel:exports Found assignment to module.exports or exports at 4
| 2026-09-17T05:29:21.124Z expo:babel:server-data-loaders Skipping file outside app directory: C:\Users\iceku\Documents\Codex\2026-09-17\c-gps-ev\Gps_EV\EVChargingMap\node_modules\react-native-web\dist\modules\modality\index.js
| 2026-09-17T05:29:21.124Z expo:babel:server-data-loaders Skipping file outside app directory: C:\Users\iceku\Documents\Codex\2026-09-17\c-gps-ev\Gps_EV\EVChargingMap\node_modules\react-native-web\dist\modules\modality\index.js
| 2026-09-17T05:29:21.124Z expo:babel:server-data-loaders Skipping file outside app directory: C:\Users\iceku\Documents\Codex\2026-09-17\c-gps-ev\Gps_EV\EVChargingMap\node_modules\react-native-web\dist\modules\modality\index.js
| 2026-09-17T05:29:21.124Z expo:babel:server-data-loaders Skipping file outside app directory: C:\Users\iceku\Documents\Codex\2026-09-17\c-gps-ev\Gps_EV\EVChargingMap\node_modules\react-native-web\dist\modules\modality\index.js
| 2026-09-17T05:29:21.235Z expo:babel:server-data-loaders Skipping file outside app directory: C:\Users\iceku\Documents\Codex\2026-09-17\c-gps-ev\Gps_EV\EVChargingMap\src\context\ThemeContext.tsx
| 2026-09-17T05:29:21.258Z expo:babel:server-data-loaders Skipping file outside app directory: C:\Users\iceku\Documents\Codex\2026-09-17\c-gps-ev\Gps_EV\EVChargingMap\src\context\DistanceContext.tsx
| 2026-09-17T05:29:21.282Z expo:babel:exports Found assignment to module.exports or exports at 3
| 2026-09-17T05:29:21.237Z expo:babel:server-data-loaders Skipping file outside app directory: C:\Users\iceku\Documents\Codex\2026-09-17\c-gps-ev\Gps_EV\EVChargingMap\src\context\ThemeContext.tsx
| 2026-09-17T05:29:21.296Z expo:babel:server-data-loaders Skipping file outside app directory: C:\Users\iceku\Documents\Codex\2026-09-17\c-gps-ev\Gps_EV\EVChargingMap\node_modules\react-native-maps\src\decorateMapComponent.ts
| 2026-09-17T05:29:21.308Z expo:babel:server-data-loaders Skipping file outside app directory: C:\Users\iceku\Documents\Codex\2026-09-17\c-gps-ev\Gps_EV\EVChargingMap\node_modules\react-native-maps\src\MapMarkerNativeComponent.ts
| 2026-09-17T05:29:21.322Z expo:babel:server-data-loaders Skipping file outside app directory: C:\Users\iceku\Documents\Codex\2026-09-17\c-gps-ev\Gps_EV\EVChargingMap\node_modules\react-native-maps\src\fixImageProp.ts
| 2026-09-17T05:29:21.265Z expo:babel:server-data-loaders Skipping file outside app directory: C:\Users\iceku\Documents\Codex\2026-09-17\c-gps-ev\Gps_EV\EVChargingMap\src\context\DistanceContext.tsx
| 2026-09-17T05:29:21.347Z expo:babel:inline-manifest public manifest {
|   name: 'EVChargingMap',
|   slug: 'evmap',
|   owner: 'nuttanon',
|   version: '1.0.0',
|   orientation: 'portrait',
|   icon: './assets/images/icon.png',
|   scheme: 'evchargingmap',
|   userInterfaceStyle: 'automatic',
|   web: {
|     output: 'static',
|     favicon: './assets/images/favicon.png',
|     meta: undefined,
|     build: undefined,
|     scope: undefined,
|     crossorigin: undefined,
|     description: undefined,
|     startUrl: undefined,
|     shortName: 'EVChargingMap',
|     display: undefined,
|     orientation: 'portrait',
|     dir: undefined,
|     barStyle: undefined,
|     backgroundColor: '#208AEF',
|     themeColor: undefined,
|     lang: undefined,
|     name: 'EVChargingMap'
|   },
|   experiments: { typedRoutes: true, reactCompiler: true },
|   description: undefined,
|   sdkVersion: '57.0.0',
|   platforms: [ 'ios', 'android', 'web' ],
|   extra: { router: {} },
|   primaryColor: undefined
| }
| 2026-09-17T05:29:21.364Z expo:babel:exports Found assignment to module.exports or exports at 3
| 2026-09-17T05:29:21.379Z expo:babel:server-data-loaders Skipping file outside app directory: C:\Users\iceku\Documents\Codex\2026-09-17\c-gps-ev\Gps_EV\EVChargingMap\node_modules\react-native-web\dist\modules\useLocale\isLocaleRTL.js
| 2026-09-17T05:29:21.407Z expo:babel:exports Found assignment to module.exports or exports at 3
| 2026-09-17T05:29:21.296Z expo:babel:server-data-loaders Skipping file outside app directory: C:\Users\iceku\Documents\Codex\2026-09-17\c-gps-ev\Gps_EV\EVChargingMap\node_modules\react-native-maps\src\decorateMapComponent.ts
| 2026-09-17T05:29:21.296Z expo:babel:server-data-loaders Skipping file outside app directory: C:\Users\iceku\Documents\Codex\2026-09-17\c-gps-ev\Gps_EV\EVChargingMap\node_modules\react-native-maps\src\decorateMapComponent.ts
| 2026-09-17T05:29:21.296Z expo:babel:server-data-loaders Skipping file outside app directory: C:\Users\iceku\Documents\Codex\2026-09-17\c-gps-ev\Gps_EV\EVChargingMap\node_modules\react-native-maps\src\decorateMapComponent.ts
| 2026-09-17T05:29:21.296Z expo:babel:server-data-loaders Skipping file outside app directory: C:\Users\iceku\Documents\Codex\2026-09-17\c-gps-ev\Gps_EV\EVChargingMap\node_modules\react-native-maps\src\decorateMapComponent.ts
| 2026-09-17T05:29:21.297Z expo:babel:server-data-loaders Skipping file outside app directory: C:\Users\iceku\Documents\Codex\2026-09-17\c-gps-ev\Gps_EV\EVChargingMap\node_modules\react-native-maps\src\decorateMapComponent.ts
| 2026-09-17T05:29:21.297Z expo:babel:server-data-loaders Skipping file outside app directory: C:\Users\iceku\Documents\Codex\2026-09-17\c-gps-ev\Gps_EV\EVChargingMap\node_modules\react-native-maps\src\decorateMapComponent.ts
| 2026-09-17T05:29:21.444Z expo:babel:exports Found assignment to module.exports or exports at 40
| 2026-09-17T05:29:21.465Z expo:babel:exports Found assignment to module.exports or exports at 3
| 2026-09-17T05:29:21.490Z expo:babel:server-data-loaders Skipping file outside app directory: C:\Users\iceku\Documents\Codex\2026-09-17\c-gps-ev\Gps_EV\EVChargingMap\src\services\directions.ts
| 2026-09-17T05:29:21.502Z expo:babel:exports Found assignment to module.exports or exports at 3
| 2026-09-17T05:29:21.510Z expo:babel:server-data-loaders Skipping file outside app directory: C:\Users\iceku\Documents\Codex\2026-09-17\c-gps-ev\Gps_EV\EVChargingMap\node_modules\expo-location\build\index.js
| 2026-09-17T05:29:21.510Z expo:babel:server-data-loaders Skipping file outside app directory: C:\Users\iceku\Documents\Codex\2026-09-17\c-gps-ev\Gps_EV\EVChargingMap\node_modules\expo-location\build\index.js
| 2026-09-17T05:29:21.510Z expo:babel:server-data-loaders Skipping file outside app directory: C:\Users\iceku\Documents\Codex\2026-09-17\c-gps-ev\Gps_EV\EVChargingMap\node_modules\expo-location\build\index.js
| 2026-09-17T05:29:21.510Z expo:babel:server-data-loaders Skipping file outside app directory: C:\Users\iceku\Documents\Codex\2026-09-17\c-gps-ev\Gps_EV\EVChargingMap\node_modules\expo-location\build\index.js
| 2026-09-17T05:29:21.510Z expo:babel:server-data-loaders Skipping file outside app directory: C:\Users\iceku\Documents\Codex\2026-09-17\c-gps-ev\Gps_EV\EVChargingMap\node_modules\expo-location\build\index.js
| 2026-09-17T05:29:21.425Z expo:babel:exports Found assignment to module.exports or exports at 37
| 2026-09-17T05:29:21.533Z expo:babel:exports Found assignment to module.exports or exports at 3
| 2026-09-17T05:29:21.547Z expo:babel:exports Found assignment to module.exports or exports at 36
| 2026-09-17T05:29:21.583Z expo:babel:server-data-loaders Skipping file outside app directory: C:\Users\iceku\Documents\Codex\2026-09-17\c-gps-ev\Gps_EV\EVChargingMap\src\data\stations.ts
| 2026-09-17T05:29:21.584Z expo:babel:server-data-loaders Skipping file outside app directory: C:\Users\iceku\Documents\Codex\2026-09-17\c-gps-ev\Gps_EV\EVChargingMap\src\data\stations.ts
| 2026-09-17T05:29:21.583Z expo:babel:exports Found assignment to module.exports or exports at 37
| 2026-09-17T05:29:21.691Z expo:babel:exports Found assignment to module.exports or exports at 37
| 2026-09-17T05:29:21.708Z expo:babel:exports Found assignment to module.exports or exports at 37
| 2026-09-17T05:29:21.696Z expo:babel:exports Found assignment to module.exports or exports at 4
| 2026-09-17T05:29:21.733Z expo:babel:exports Found assignment to module.exports or exports at 37
| 2026-09-17T05:29:21.786Z expo:babel:exports Found assignment to module.exports or exports at 3
| 2026-09-17T05:29:21.789Z expo:babel:exports Found assignment to module.exports or exports at 40
| 2026-09-17T05:29:21.791Z expo:babel:server-data-loaders Skipping file outside app directory: C:\Users\iceku\Documents\Codex\2026-09-17\c-gps-ev\Gps_EV\EVChargingMap\src\context\FavoritesContext.tsx
| 2026-09-17T05:29:21.796Z expo:babel:exports Found assignment to module.exports or exports at 37
| 2026-09-17T05:29:21.759Z expo:babel:exports Found assignment to module.exports or exports at 37
| 2026-09-17T05:29:21.820Z expo:babel:exports Found assignment to module.exports or exports at 37
| 2026-09-17T05:29:21.841Z expo:babel:exports Found assignment to module.exports or exports at 37
| 2026-09-17T05:29:21.794Z expo:babel:server-data-loaders Skipping file outside app directory: C:\Users\iceku\Documents\Codex\2026-09-17\c-gps-ev\Gps_EV\EVChargingMap\src\context\FavoritesContext.tsx
| 2026-09-17T05:29:21.847Z expo:babel:exports Found assignment to module.exports or exports at 4
| 2026-09-17T05:29:21.890Z expo:babel:exports Found assignment to module.exports or exports at 40
| 2026-09-17T05:29:21.889Z expo:babel:exports Found assignment to module.exports or exports at 4
| 2026-09-17T05:29:21.923Z expo:babel:exports Found assignment to module.exports or exports at 4
| 2026-09-17T05:29:21.946Z expo:babel:exports Found assignment to module.exports or exports at 40
| 2026-09-17T05:29:21.938Z expo:babel:exports Found assignment to module.exports or exports at 4
| 2026-09-17T05:29:21.962Z expo:babel:exports Found assignment to module.exports or exports at 40
| 2026-09-17T05:29:21.969Z expo:babel:exports Found assignment to module.exports or exports at 4
| 2026-09-17T05:29:21.957Z expo:babel:exports Found assignment to module.exports or exports at 3
| 2026-09-17T05:29:21.980Z expo:babel:exports Found assignment to module.exports or exports at 4
| 2026-09-17T05:29:21.929Z expo:babel:exports Found assignment to module.exports or exports at 37
| 2026-09-17T05:29:22.027Z expo:babel:exports Found assignment to module.exports or exports at 4
| 2026-09-17T05:29:22.006Z expo:babel:server-data-loaders Skipping file outside app directory: C:\Users\iceku\Documents\Codex\2026-09-17\c-gps-ev\Gps_EV\EVChargingMap\node_modules\react-native-maps\src\specs\NativeComponentMarker.ts
| 2026-09-17T05:29:21.654Z expo:babel:exports Found assignment to module.exports or exports at 39
| 2026-09-17T05:29:22.069Z expo:babel:server-data-loaders Skipping file outside app directory: C:\Users\iceku\Documents\Codex\2026-09-17\c-gps-ev\Gps_EV\EVChargingMap\node_modules\expo\src\environment\ExpoGo.web.ts
| 2026-09-17T05:29:22.075Z expo:babel:exports Found assignment to module.exports or exports at 154
| 2026-09-17T05:29:22.069Z expo:babel:server-data-loaders Skipping file outside app directory: C:\Users\iceku\Documents\Codex\2026-09-17\c-gps-ev\Gps_EV\EVChargingMap\node_modules\expo\src\environment\ExpoGo.web.ts
| 2026-09-17T05:29:22.077Z expo:babel:server-data-loaders Skipping file outside app directory: C:\Users\iceku\Documents\Codex\2026-09-17\c-gps-ev\Gps_EV\EVChargingMap\node_modules\expo\src\errors\ExpoErrorManager.ts
| 2026-09-17T05:29:22.079Z expo:babel:server-data-loaders Skipping file outside app directory: C:\Users\iceku\Documents\Codex\2026-09-17\c-gps-ev\Gps_EV\EVChargingMap\node_modules\expo\src\errors\ExpoErrorManager.ts
| 2026-09-17T05:29:22.095Z expo:babel:server-data-loaders Skipping file outside app directory: C:\Users\iceku\Documents\Codex\2026-09-17\c-gps-ev\Gps_EV\EVChargingMap\node_modules\expo-constants\build\Constants.types.js
| 2026-09-17T05:29:22.088Z expo:babel:server-data-loaders Skipping file outside app directory: C:\Users\iceku\Documents\Codex\2026-09-17\c-gps-ev\Gps_EV\EVChargingMap\node_modules\expo\src\hooks\useEvent.ts
| 2026-09-17T05:29:22.088Z expo:babel:server-data-loaders Skipping file outside app directory: C:\Users\iceku\Documents\Codex\2026-09-17\c-gps-ev\Gps_EV\EVChargingMap\node_modules\expo\src\hooks\useEvent.ts
| 2026-09-17T05:29:22.095Z expo:babel:server-data-loaders Skipping file outside app directory: C:\Users\iceku\Documents\Codex\2026-09-17\c-gps-ev\Gps_EV\EVChargingMap\node_modules\expo-constants\build\Constants.types.js
| 2026-09-17T05:29:22.095Z expo:babel:server-data-loaders Skipping file outside app directory: C:\Users\iceku\Documents\Codex\2026-09-17\c-gps-ev\Gps_EV\EVChargingMap\node_modules\expo-constants\build\Constants.types.js
| 2026-09-17T05:29:22.125Z expo:babel:exports Found assignment to module.exports or exports at 3
| 2026-09-17T05:29:22.062Z expo:babel:exports Found assignment to module.exports or exports at 37
| 2026-09-17T05:29:22.163Z expo:babel:exports Found assignment to module.exports or exports at 4
| 2026-09-17T05:29:22.174Z expo:babel:exports Found assignment to module.exports or exports at 39
| 2026-09-17T05:29:22.177Z expo:babel:exports Found assignment to module.exports or exports at 37
| 2026-09-17T05:29:22.179Z expo:babel:exports Found assignment to module.exports or exports at 3
| 2026-09-17T05:29:22.210Z expo:babel:exports Found assignment to module.exports or exports at 3
| 2026-09-17T05:29:22.163Z expo:babel:exports Found assignment to module.exports or exports at 37
| 2026-09-17T05:29:22.242Z expo:babel:exports Found assignment to module.exports or exports at 37
| 2026-09-17T05:29:22.259Z expo:babel:exports Found assignment to module.exports or exports at 4
| 2026-09-17T05:29:22.299Z expo:babel:exports Found assignment to module.exports or exports at 4
| 2026-09-17T05:29:22.300Z expo:babel:exports Found assignment to module.exports or exports at 3
| 2026-09-17T05:29:22.376Z expo:babel:exports Found assignment to module.exports or exports at 4
| 2026-09-17T05:29:22.376Z expo:babel:exports Found assignment to module.exports or exports at 3
| 2026-09-17T05:29:22.376Z expo:babel:exports Found assignment to module.exports or exports at 19
| 2026-09-17T05:29:22.378Z expo:babel:exports Found assignment to module.exports or exports at 36
| 2026-09-17T05:29:22.401Z expo:babel:exports Found assignment to module.exports or exports at 37
| 2026-09-17T05:29:22.412Z expo:babel:exports Found assignment to module.exports or exports at 36
| 2026-09-17T05:29:22.415Z expo:babel:exports Found assignment to module.exports or exports at 123
| 2026-09-17T05:29:22.378Z expo:babel:exports Found assignment to module.exports or exports at 3
| 2026-09-17T05:29:22.480Z expo:babel:server-data-loaders Skipping file outside app directory: C:\Users\iceku\Documents\Codex\2026-09-17\c-gps-ev\Gps_EV\EVChargingMap\node_modules\react-native-web\dist\vendor\react-native\VirtualizedList\CellRenderMask.js
| 2026-09-17T05:29:22.492Z expo:babel:exports Found assignment to module.exports or exports at 36
| 2026-09-17T05:29:22.502Z expo:babel:exports Found assignment to module.exports or exports at 3
| 2026-09-17T05:29:22.519Z expo:babel:exports Found assignment to module.exports or exports at 3
| 2026-09-17T05:29:22.525Z expo:babel:exports Found assignment to module.exports or exports at 3
| 2026-09-17T05:29:22.534Z expo:babel:exports Found assignment to module.exports or exports at 39
| 2026-09-17T05:29:22.562Z expo:babel:server-data-loaders Skipping file outside app directory: C:\Users\iceku\Documents\Codex\2026-09-17\c-gps-ev\Gps_EV\EVChargingMap\node_modules\expo-linking\build\Linking.js
| 2026-09-17T05:29:22.605Z expo:babel:exports Found assignment to module.exports or exports at 39
| 2026-09-17T05:29:22.563Z expo:babel:server-data-loaders Skipping file outside app directory: C:\Users\iceku\Documents\Codex\2026-09-17\c-gps-ev\Gps_EV\EVChargingMap\node_modules\expo-linking\build\Linking.js
| 2026-09-17T05:29:22.563Z expo:babel:server-data-loaders Skipping file outside app directory: C:\Users\iceku\Documents\Codex\2026-09-17\c-gps-ev\Gps_EV\EVChargingMap\node_modules\expo-linking\build\Linking.js
| 2026-09-17T05:29:22.563Z expo:babel:server-data-loaders Skipping file outside app directory: C:\Users\iceku\Documents\Codex\2026-09-17\c-gps-ev\Gps_EV\EVChargingMap\node_modules\expo-linking\build\Linking.js
| 2026-09-17T05:29:22.563Z expo:babel:server-data-loaders Skipping file outside app directory: C:\Users\iceku\Documents\Codex\2026-09-17\c-gps-ev\Gps_EV\EVChargingMap\node_modules\expo-linking\build\Linking.js
| 2026-09-17T05:29:22.563Z expo:babel:server-data-loaders Skipping file outside app directory: C:\Users\iceku\Documents\Codex\2026-09-17\c-gps-ev\Gps_EV\EVChargingMap\node_modules\expo-linking\build\Linking.js
| 2026-09-17T05:29:22.563Z expo:babel:server-data-loaders Skipping file outside app directory: C:\Users\iceku\Documents\Codex\2026-09-17\c-gps-ev\Gps_EV\EVChargingMap\node_modules\expo-linking\build\Linking.js
| 2026-09-17T05:29:22.563Z expo:babel:server-data-loaders Skipping file outside app directory: C:\Users\iceku\Documents\Codex\2026-09-17\c-gps-ev\Gps_EV\EVChargingMap\node_modules\expo-linking\build\Linking.js
| 2026-09-17T05:29:22.563Z expo:babel:server-data-loaders Skipping file outside app directory: C:\Users\iceku\Documents\Codex\2026-09-17\c-gps-ev\Gps_EV\EVChargingMap\node_modules\expo-linking\build\Linking.js
| 2026-09-17T05:29:22.563Z expo:babel:server-data-loaders Skipping file outside app directory: C:\Users\iceku\Documents\Codex\2026-09-17\c-gps-ev\Gps_EV\EVChargingMap\node_modules\expo-linking\build\Linking.js
| 2026-09-17T05:29:22.564Z expo:babel:server-data-loaders Skipping file outside app directory: C:\Users\iceku\Documents\Codex\2026-09-17\c-gps-ev\Gps_EV\EVChargingMap\node_modules\expo-linking\build\Linking.js
| 2026-09-17T05:29:22.564Z expo:babel:server-data-loaders Skipping file outside app directory: C:\Users\iceku\Documents\Codex\2026-09-17\c-gps-ev\Gps_EV\EVChargingMap\node_modules\expo-linking\build\Linking.js
| 2026-09-17T05:29:22.642Z expo:babel:exports Found assignment to module.exports or exports at 36
| 2026-09-17T05:29:22.587Z expo:babel:exports Found assignment to module.exports or exports at 36
| 2026-09-17T05:29:22.717Z expo:babel:exports Found assignment to module.exports or exports at 37
| 2026-09-17T05:29:22.737Z expo:babel:server-data-loaders Skipping file outside app directory: C:\Users\iceku\Documents\Codex\2026-09-17\c-gps-ev\Gps_EV\EVChargingMap\node_modules\react-native-web\dist\vendor\react-native\VirtualizedList\VirtualizedListContext.js
| 2026-09-17T05:29:22.737Z expo:babel:server-data-loaders Skipping file outside app directory: C:\Users\iceku\Documents\Codex\2026-09-17\c-gps-ev\Gps_EV\EVChargingMap\node_modules\react-native-web\dist\vendor\react-native\VirtualizedList\VirtualizedListContext.js
| 2026-09-17T05:29:22.737Z expo:babel:server-data-loaders Skipping file outside app directory: C:\Users\iceku\Documents\Codex\2026-09-17\c-gps-ev\Gps_EV\EVChargingMap\node_modules\react-native-web\dist\vendor\react-native\VirtualizedList\VirtualizedListContext.js
| 2026-09-17T05:29:22.738Z expo:babel:server-data-loaders Skipping file outside app directory: C:\Users\iceku\Documents\Codex\2026-09-17\c-gps-ev\Gps_EV\EVChargingMap\node_modules\react-native-web\dist\vendor\react-native\VirtualizedList\VirtualizedListContext.js
| 2026-09-17T05:29:22.802Z expo:babel:exports Found assignment to module.exports or exports at 3
| 2026-09-17T05:29:22.791Z expo:babel:exports Found assignment to module.exports or exports at 12
| 2026-09-17T05:29:22.810Z expo:babel:exports Found assignment to module.exports or exports at 36
| 2026-09-17T05:29:22.816Z expo:babel:exports Found assignment to module.exports or exports at 3
| 2026-09-17T05:29:22.871Z expo:babel:exports Found assignment to module.exports or exports at 3
| 2026-09-17T05:29:22.846Z expo:babel:exports Found assignment to module.exports or exports at 6
| 2026-09-17T05:29:22.933Z expo:babel:exports Found assignment to module.exports or exports at 3
| 2026-09-17T05:29:22.983Z expo:babel:exports Found assignment to module.exports or exports at 3
| 2026-09-17T05:29:22.998Z expo:babel:exports Found assignment to module.exports or exports at 4
| 2026-09-17T05:29:23.004Z expo:babel:exports Found assignment to module.exports or exports at 3
| 2026-09-17T05:29:23.040Z expo:babel:exports Found assignment to module.exports or exports at 3
| 2026-09-17T05:29:23.040Z expo:babel:exports Found assignment to module.exports or exports at 3
| 2026-09-17T05:29:23.061Z expo:babel:exports Found assignment to module.exports or exports at 40
| 2026-09-17T05:29:22.948Z expo:babel:exports Found assignment to module.exports or exports at 40
| 2026-09-17T05:29:22.955Z expo:babel:exports Found assignment to module.exports or exports at 3
| 2026-09-17T05:29:23.105Z expo:babel:exports Found assignment to module.exports or exports at 3
| 2026-09-17T05:29:23.105Z expo:babel:exports Found assignment to module.exports or exports at 3
| 2026-09-17T05:29:23.132Z expo:babel:server-data-loaders Skipping file outside app directory: C:\Users\iceku\Documents\Codex\2026-09-17\c-gps-ev\Gps_EV\EVChargingMap\node_modules\expo\src\dom\global-events.ts
| 2026-09-17T05:29:23.141Z expo:babel:exports Found assignment to module.exports or exports at 4
| 2026-09-17T05:29:23.132Z expo:babel:server-data-loaders Skipping file outside app directory: C:\Users\iceku\Documents\Codex\2026-09-17\c-gps-ev\Gps_EV\EVChargingMap\node_modules\expo\src\dom\global-events.ts
| 2026-09-17T05:29:23.151Z expo:babel:exports Found assignment to module.exports or exports at 4
| 2026-09-17T05:29:23.139Z expo:babel:exports Found assignment to module.exports or exports at 6
| 2026-09-17T05:29:23.081Z expo:babel:exports Found assignment to module.exports or exports at 3
| 2026-09-17T05:29:23.150Z expo:babel:exports Found assignment to module.exports or exports at 4
| 2026-09-17T05:29:23.175Z expo:babel:exports Found assignment to module.exports or exports at 4
| 2026-09-17T05:29:23.249Z expo:babel:exports Found assignment to module.exports or exports at 3
| 2026-09-17T05:29:23.199Z expo:babel:exports Found assignment to module.exports or exports at 4
| 2026-09-17T05:29:23.258Z expo:babel:exports Found assignment to module.exports or exports at 3
| 2026-09-17T05:29:23.318Z expo:babel:exports Found assignment to module.exports or exports at 3
| 2026-09-17T05:29:23.350Z expo:babel:exports Found assignment to module.exports or exports at 3
| 2026-09-17T05:29:23.371Z expo:babel:exports Found assignment to module.exports or exports at 4
| 2026-09-17T05:29:23.377Z expo:babel:server-data-loaders Skipping file outside app directory: C:\Users\iceku\Documents\Codex\2026-09-17\c-gps-ev\Gps_EV\EVChargingMap\node_modules\expo\src\dom\global-events.ts
| 2026-09-17T05:29:23.314Z expo:babel:exports Found assignment to module.exports or exports at 3
| 2026-09-17T05:29:23.378Z expo:babel:server-data-loaders Skipping file outside app directory: C:\Users\iceku\Documents\Codex\2026-09-17\c-gps-ev\Gps_EV\EVChargingMap\node_modules\expo\src\dom\global-events.ts
| 2026-09-17T05:29:23.402Z expo:babel:server-data-loaders Skipping file outside app directory: C:\Users\iceku\Documents\Codex\2026-09-17\c-gps-ev\Gps_EV\EVChargingMap\node_modules\expo\src\dom\dom.web.ts
| 2026-09-17T05:29:23.265Z expo:babel:exports Found assignment to module.exports or exports at 6
| 2026-09-17T05:29:23.468Z expo:babel:server-data-loaders Skipping file outside app directory: C:\Users\iceku\Documents\Codex\2026-09-17\c-gps-ev\Gps_EV\EVChargingMap\node_modules\react-native-safe-area-context\lib\module\NativeSafeAreaProvider.web.js
| 2026-09-17T05:29:23.463Z expo:babel:server-data-loaders Skipping file outside app directory: C:\Users\iceku\Documents\Codex\2026-09-17\c-gps-ev\Gps_EV\EVChargingMap\node_modules\react-native-screens\lib\module\core.js
| 2026-09-17T05:29:23.463Z expo:babel:server-data-loaders Skipping file outside app directory: C:\Users\iceku\Documents\Codex\2026-09-17\c-gps-ev\Gps_EV\EVChargingMap\node_modules\react-native-screens\lib\module\core.js
| 2026-09-17T05:29:23.464Z expo:babel:server-data-loaders Skipping file outside app directory: C:\Users\iceku\Documents\Codex\2026-09-17\c-gps-ev\Gps_EV\EVChargingMap\node_modules\react-native-screens\lib\module\core.js
| 2026-09-17T05:29:23.464Z expo:babel:server-data-loaders Skipping file outside app directory: C:\Users\iceku\Documents\Codex\2026-09-17\c-gps-ev\Gps_EV\EVChargingMap\node_modules\react-native-screens\lib\module\core.js
| 2026-09-17T05:29:23.464Z expo:babel:server-data-loaders Skipping file outside app directory: C:\Users\iceku\Documents\Codex\2026-09-17\c-gps-ev\Gps_EV\EVChargingMap\node_modules\react-native-screens\lib\module\core.js
| 2026-09-17T05:29:23.457Z expo:babel:server-data-loaders Skipping file outside app directory: C:\Users\iceku\Documents\Codex\2026-09-17\c-gps-ev\Gps_EV\EVChargingMap\node_modules\react-native-screens\lib\module\components\Screen.web.js
| 2026-09-17T05:29:23.457Z expo:babel:server-data-loaders Skipping file outside app directory: C:\Users\iceku\Documents\Codex\2026-09-17\c-gps-ev\Gps_EV\EVChargingMap\node_modules\react-native-screens\lib\module\components\Screen.web.js
| 2026-09-17T05:29:23.457Z expo:babel:server-data-loaders Skipping file outside app directory: C:\Users\iceku\Documents\Codex\2026-09-17\c-gps-ev\Gps_EV\EVChargingMap\node_modules\react-native-screens\lib\module\components\Screen.web.js
| 2026-09-17T05:29:23.553Z expo:babel:server-data-loaders Skipping file outside app directory: C:\Users\iceku\Documents\Codex\2026-09-17\c-gps-ev\Gps_EV\EVChargingMap\node_modules\react-native-screens\lib\module\components\ScreenFooter.web.js
| 2026-09-17T05:29:23.309Z expo:babel:exports Found assignment to module.exports or exports at 6
| 2026-09-17T05:29:23.566Z expo:babel:server-data-loaders Skipping file outside app directory: C:\Users\iceku\Documents\Codex\2026-09-17\c-gps-ev\Gps_EV\EVChargingMap\node_modules\react-native-screens\lib\module\components\ScreenStackHeaderConfig.web.js
| 2026-09-17T05:29:23.566Z expo:babel:server-data-loaders Skipping file outside app directory: C:\Users\iceku\Documents\Codex\2026-09-17\c-gps-ev\Gps_EV\EVChargingMap\node_modules\react-native-screens\lib\module\components\ScreenStackHeaderConfig.web.js
| 2026-09-17T05:29:23.566Z expo:babel:server-data-loaders Skipping file outside app directory: C:\Users\iceku\Documents\Codex\2026-09-17\c-gps-ev\Gps_EV\EVChargingMap\node_modules\react-native-screens\lib\module\components\ScreenStackHeaderConfig.web.js
| 2026-09-17T05:29:23.566Z expo:babel:server-data-loaders Skipping file outside app directory: C:\Users\iceku\Documents\Codex\2026-09-17\c-gps-ev\Gps_EV\EVChargingMap\node_modules\react-native-screens\lib\module\components\ScreenStackHeaderConfig.web.js
| 2026-09-17T05:29:23.567Z expo:babel:server-data-loaders Skipping file outside app directory: C:\Users\iceku\Documents\Codex\2026-09-17\c-gps-ev\Gps_EV\EVChargingMap\node_modules\react-native-screens\lib\module\components\ScreenStackHeaderConfig.web.js
| 2026-09-17T05:29:23.567Z expo:babel:server-data-loaders Skipping file outside app directory: C:\Users\iceku\Documents\Codex\2026-09-17\c-gps-ev\Gps_EV\EVChargingMap\node_modules\react-native-screens\lib\module\components\ScreenStackHeaderConfig.web.js
| 2026-09-17T05:29:23.567Z expo:babel:server-data-loaders Skipping file outside app directory: C:\Users\iceku\Documents\Codex\2026-09-17\c-gps-ev\Gps_EV\EVChargingMap\node_modules\react-native-screens\lib\module\components\ScreenStackHeaderConfig.web.js
| 2026-09-17T05:29:23.581Z expo:babel:inline-manifest public manifest {
|   name: 'EVChargingMap',
|   slug: 'evmap',
|   owner: 'nuttanon',
|   version: '1.0.0',
|   orientation: 'portrait',
|   icon: './assets/images/icon.png',
|   scheme: 'evchargingmap',
|   userInterfaceStyle: 'automatic',
|   web: {
|     output: 'static',
|     favicon: './assets/images/favicon.png',
|     meta: undefined,
|     build: undefined,
|     scope: undefined,
|     crossorigin: undefined,
|     description: undefined,
|     startUrl: undefined,
|     shortName: 'EVChargingMap',
|     display: undefined,
|     orientation: 'portrait',
|     dir: undefined,
|     barStyle: undefined,
|     backgroundColor: '#208AEF',
|     themeColor: undefined,
|     lang: undefined,
|     name: 'EVChargingMap'
|   },
|   experiments: { typedRoutes: true, reactCompiler: true },
|   description: undefined,
|   sdkVersion: '57.0.0',
|   platforms: [ 'ios', 'android', 'web' ],
|   extra: { router: {} },
|   primaryColor: undefined
| }
| 2026-09-17T05:29:23.640Z expo:babel:server-data-loaders Skipping file outside app directory: C:\Users\iceku\Documents\Codex\2026-09-17\c-gps-ev\Gps_EV\EVChargingMap\node_modules\react-native-screens\lib\module\utils.js
| 2026-09-17T05:29:23.658Z expo:babel:exports Found assignment to module.exports or exports at 7
2026-09-17T05:29:23.665Z expo:start:server:metro:multi-platform Redirecting module "C:\Users\iceku\Documents\Codex\2026-09-17\c-gps-ev\Gps_EV\EVChargingMap\node_modules\react-native-web\dist\exports\BackHandler\index.js" to shim
| 2026-09-17T05:29:23.641Z expo:babel:server-data-loaders Skipping file outside app directory: C:\Users\iceku\Documents\Codex\2026-09-17\c-gps-ev\Gps_EV\EVChargingMap\node_modules\react-native-screens\lib\module\utils.js
| 2026-09-17T05:29:23.641Z expo:babel:server-data-loaders Skipping file outside app directory: C:\Users\iceku\Documents\Codex\2026-09-17\c-gps-ev\Gps_EV\EVChargingMap\node_modules\react-native-screens\lib\module\utils.js
| 2026-09-17T05:29:23.641Z expo:babel:server-data-loaders Skipping file outside app directory: C:\Users\iceku\Documents\Codex\2026-09-17\c-gps-ev\Gps_EV\EVChargingMap\node_modules\react-native-screens\lib\module\utils.js
| 2026-09-17T05:29:23.686Z expo:babel:server-data-loaders Skipping file outside app directory: C:\Users\iceku\Documents\Codex\2026-09-17\c-gps-ev\Gps_EV\EVChargingMap\node_modules\react-native-screens\lib\module\components\tabs\index.js
| 2026-09-17T05:29:23.688Z expo:babel:server-data-loaders Skipping file outside app directory: C:\Users\iceku\Documents\Codex\2026-09-17\c-gps-ev\Gps_EV\EVChargingMap\node_modules\react-native-screens\lib\module\flags.js
| 2026-09-17T05:29:23.688Z expo:babel:exports Found assignment to module.exports or exports at 6
| 2026-09-17T05:29:23.663Z expo:babel:exports Found assignment to module.exports or exports at 3
| 2026-09-17T05:29:23.702Z expo:babel:exports Found assignment to module.exports or exports at 6
| 2026-09-17T05:29:23.695Z expo:babel:exports Found assignment to module.exports or exports at 6
| 2026-09-17T05:29:23.753Z expo:babel:exports Found assignment to module.exports or exports at 7
| 2026-09-17T05:29:23.747Z expo:babel:exports Found assignment to module.exports or exports at 6
| 2026-09-17T05:29:23.689Z expo:babel:server-data-loaders Skipping file outside app directory: C:\Users\iceku\Documents\Codex\2026-09-17\c-gps-ev\Gps_EV\EVChargingMap\node_modules\react-native-screens\lib\module\flags.js
| 2026-09-17T05:29:23.743Z expo:babel:exports Found assignment to module.exports or exports at 3
| 2026-09-17T05:29:23.786Z expo:babel:exports Found assignment to module.exports or exports at 6
| 2026-09-17T05:29:23.778Z expo:babel:exports Found assignment to module.exports or exports at 6
| 2026-09-17T05:29:23.786Z expo:babel:exports Found assignment to module.exports or exports at 6
| 2026-09-17T05:29:23.752Z expo:babel:exports Found assignment to module.exports or exports at 4
| 2026-09-17T05:29:23.841Z expo:babel:exports Found assignment to module.exports or exports at 6
| 2026-09-17T05:29:23.803Z expo:babel:exports Found assignment to module.exports or exports at 7
| 2026-09-17T05:29:23.750Z expo:babel:exports Found assignment to module.exports or exports at 6
| 2026-09-17T05:29:23.796Z expo:babel:exports Found assignment to module.exports or exports at 6
| 2026-09-17T05:29:23.831Z expo:babel:exports Found assignment to module.exports or exports at 6
| 2026-09-17T05:29:23.856Z expo:babel:exports Found assignment to module.exports or exports at 7
| 2026-09-17T05:29:23.832Z expo:babel:exports Found assignment to module.exports or exports at 3
| 2026-09-17T05:29:23.883Z expo:babel:exports Found assignment to module.exports or exports at 36
| 2026-09-17T05:29:23.888Z expo:babel:exports Found assignment to module.exports or exports at 6
| 2026-09-17T05:29:23.893Z expo:babel:exports Found assignment to module.exports or exports at 6
| 2026-09-17T05:29:23.952Z expo:babel:exports Found assignment to module.exports or exports at 3
| 2026-09-17T05:29:23.939Z expo:babel:exports Found assignment to module.exports or exports at 3
| 2026-09-17T05:29:23.987Z expo:babel:exports Found assignment to module.exports or exports at 36
| 2026-09-17T05:29:23.899Z expo:babel:exports Found assignment to module.exports or exports at 3
| 2026-09-17T05:29:23.876Z expo:babel:exports Found assignment to module.exports or exports at 36
| 2026-09-17T05:29:23.908Z expo:babel:exports Found assignment to module.exports or exports at 36
| 2026-09-17T05:29:24.039Z expo:babel:server-data-loaders Skipping file outside app directory: C:\Users\iceku\Documents\Codex\2026-09-17\c-gps-ev\Gps_EV\EVChargingMap\node_modules\expo-glass-effect\build\index.js
| 2026-09-17T05:29:24.040Z expo:babel:server-data-loaders Skipping file outside app directory: C:\Users\iceku\Documents\Codex\2026-09-17\c-gps-ev\Gps_EV\EVChargingMap\node_modules\expo-glass-effect\build\index.js
| 2026-09-17T05:29:24.040Z expo:babel:server-data-loaders Skipping file outside app directory: C:\Users\iceku\Documents\Codex\2026-09-17\c-gps-ev\Gps_EV\EVChargingMap\node_modules\expo-glass-effect\build\index.js
| 2026-09-17T05:29:24.040Z expo:babel:server-data-loaders Skipping file outside app directory: C:\Users\iceku\Documents\Codex\2026-09-17\c-gps-ev\Gps_EV\EVChargingMap\node_modules\expo-glass-effect\build\index.js
| 2026-09-17T05:29:24.073Z expo:babel:exports Found assignment to module.exports or exports at 3
| 2026-09-17T05:29:24.102Z expo:babel:exports Found assignment to module.exports or exports at 20
| 2026-09-17T05:29:23.924Z expo:babel:exports Found assignment to module.exports or exports at 3
| 2026-09-17T05:29:24.110Z expo:babel:exports Found assignment to module.exports or exports at 37
| 2026-09-17T05:29:24.124Z expo:babel:exports Found assignment to module.exports or exports at 3
| 2026-09-17T05:29:24.126Z expo:babel:exports Found assignment to module.exports or exports at 3
| 2026-09-17T05:29:24.101Z expo:babel:exports Found assignment to module.exports or exports at 37
| 2026-09-17T05:29:24.137Z expo:babel:exports Found assignment to module.exports or exports at 3
| 2026-09-17T05:29:24.169Z expo:babel:server-data-loaders Skipping file outside app directory: C:\Users\iceku\Documents\Codex\2026-09-17\c-gps-ev\Gps_EV\EVChargingMap\node_modules\react-native-web\dist\modules\useResponderEvents\ResponderEventTypes.js
| 2026-09-17T05:29:24.170Z expo:babel:server-data-loaders Skipping file outside app directory: C:\Users\iceku\Documents\Codex\2026-09-17\c-gps-ev\Gps_EV\EVChargingMap\node_modules\react-native-web\dist\modules\useResponderEvents\ResponderEventTypes.js
| 2026-09-17T05:29:24.170Z expo:babel:server-data-loaders Skipping file outside app directory: C:\Users\iceku\Documents\Codex\2026-09-17\c-gps-ev\Gps_EV\EVChargingMap\node_modules\react-native-web\dist\modules\useResponderEvents\ResponderEventTypes.js
| 2026-09-17T05:29:24.170Z expo:babel:server-data-loaders Skipping file outside app directory: C:\Users\iceku\Documents\Codex\2026-09-17\c-gps-ev\Gps_EV\EVChargingMap\node_modules\react-native-web\dist\modules\useResponderEvents\ResponderEventTypes.js
| 2026-09-17T05:29:24.170Z expo:babel:server-data-loaders Skipping file outside app directory: C:\Users\iceku\Documents\Codex\2026-09-17\c-gps-ev\Gps_EV\EVChargingMap\node_modules\react-native-web\dist\modules\useResponderEvents\ResponderEventTypes.js
| 2026-09-17T05:29:24.170Z expo:babel:server-data-loaders Skipping file outside app directory: C:\Users\iceku\Documents\Codex\2026-09-17\c-gps-ev\Gps_EV\EVChargingMap\node_modules\react-native-web\dist\modules\useResponderEvents\ResponderEventTypes.js
| 2026-09-17T05:29:24.170Z expo:babel:server-data-loaders Skipping file outside app directory: C:\Users\iceku\Documents\Codex\2026-09-17\c-gps-ev\Gps_EV\EVChargingMap\node_modules\react-native-web\dist\modules\useResponderEvents\ResponderEventTypes.js
| 2026-09-17T05:29:24.170Z expo:babel:server-data-loaders Skipping file outside app directory: C:\Users\iceku\Documents\Codex\2026-09-17\c-gps-ev\Gps_EV\EVChargingMap\node_modules\react-native-web\dist\modules\useResponderEvents\ResponderEventTypes.js
| 2026-09-17T05:29:24.170Z expo:babel:server-data-loaders Skipping file outside app directory: C:\Users\iceku\Documents\Codex\2026-09-17\c-gps-ev\Gps_EV\EVChargingMap\node_modules\react-native-web\dist\modules\useResponderEvents\ResponderEventTypes.js
| 2026-09-17T05:29:24.170Z expo:babel:server-data-loaders Skipping file outside app directory: C:\Users\iceku\Documents\Codex\2026-09-17\c-gps-ev\Gps_EV\EVChargingMap\node_modules\react-native-web\dist\modules\useResponderEvents\ResponderEventTypes.js
| 2026-09-17T05:29:24.170Z expo:babel:server-data-loaders Skipping file outside app directory: C:\Users\iceku\Documents\Codex\2026-09-17\c-gps-ev\Gps_EV\EVChargingMap\node_modules\react-native-web\dist\modules\useResponderEvents\ResponderEventTypes.js
| 2026-09-17T05:29:24.170Z expo:babel:server-data-loaders Skipping file outside app directory: C:\Users\iceku\Documents\Codex\2026-09-17\c-gps-ev\Gps_EV\EVChargingMap\node_modules\react-native-web\dist\modules\useResponderEvents\ResponderEventTypes.js
| 2026-09-17T05:29:24.170Z expo:babel:server-data-loaders Skipping file outside app directory: C:\Users\iceku\Documents\Codex\2026-09-17\c-gps-ev\Gps_EV\EVChargingMap\node_modules\react-native-web\dist\modules\useResponderEvents\ResponderEventTypes.js
| 2026-09-17T05:29:24.170Z expo:babel:server-data-loaders Skipping file outside app directory: C:\Users\iceku\Documents\Codex\2026-09-17\c-gps-ev\Gps_EV\EVChargingMap\node_modules\react-native-web\dist\modules\useResponderEvents\ResponderEventTypes.js
| 2026-09-17T05:29:24.170Z expo:babel:server-data-loaders Skipping file outside app directory: C:\Users\iceku\Documents\Codex\2026-09-17\c-gps-ev\Gps_EV\EVChargingMap\node_modules\react-native-web\dist\modules\useResponderEvents\ResponderEventTypes.js
| 2026-09-17T05:29:24.170Z expo:babel:server-data-loaders Skipping file outside app directory: C:\Users\iceku\Documents\Codex\2026-09-17\c-gps-ev\Gps_EV\EVChargingMap\node_modules\react-native-web\dist\modules\useResponderEvents\ResponderEventTypes.js
| 2026-09-17T05:29:24.170Z expo:babel:server-data-loaders Skipping file outside app directory: C:\Users\iceku\Documents\Codex\2026-09-17\c-gps-ev\Gps_EV\EVChargingMap\node_modules\react-native-web\dist\modules\useResponderEvents\ResponderEventTypes.js
| 2026-09-17T05:29:24.171Z expo:babel:server-data-loaders Skipping file outside app directory: C:\Users\iceku\Documents\Codex\2026-09-17\c-gps-ev\Gps_EV\EVChargingMap\node_modules\react-native-web\dist\modules\useResponderEvents\ResponderEventTypes.js
| 2026-09-17T05:29:24.171Z expo:babel:server-data-loaders Skipping file outside app directory: C:\Users\iceku\Documents\Codex\2026-09-17\c-gps-ev\Gps_EV\EVChargingMap\node_modules\react-native-web\dist\modules\useResponderEvents\ResponderEventTypes.js
| 2026-09-17T05:29:24.171Z expo:babel:server-data-loaders Skipping file outside app directory: C:\Users\iceku\Documents\Codex\2026-09-17\c-gps-ev\Gps_EV\EVChargingMap\node_modules\react-native-web\dist\modules\useResponderEvents\ResponderEventTypes.js
| 2026-09-17T05:29:24.213Z expo:babel:exports Found assignment to module.exports or exports at 37
| 2026-09-17T05:29:24.103Z expo:babel:exports Found assignment to module.exports or exports at 4
| 2026-09-17T05:29:24.186Z expo:babel:exports Found assignment to module.exports or exports at 37
| 2026-09-17T05:29:24.161Z expo:babel:server-data-loaders Skipping file outside app directory: C:\Users\iceku\Documents\Codex\2026-09-17\c-gps-ev\Gps_EV\EVChargingMap\node_modules\react-native-web\dist\modules\useResponderEvents\ResponderTouchHistoryStore.js
| 2026-09-17T05:29:24.251Z expo:babel:exports Found assignment to module.exports or exports at 37
| 2026-09-17T05:29:24.208Z expo:babel:exports Found assignment to module.exports or exports at 37
| 2026-09-17T05:29:24.296Z expo:babel:exports Found assignment to module.exports or exports at 37
| 2026-09-17T05:29:24.282Z expo:babel:exports Found assignment to module.exports or exports at 37
| 2026-09-17T05:29:24.336Z expo:babel:exports Found assignment to module.exports or exports at 40
| 2026-09-17T05:29:24.366Z expo:babel:exports Found assignment to module.exports or exports at 3
| 2026-09-17T05:29:24.369Z expo:babel:exports Found assignment to module.exports or exports at 37
| 2026-09-17T05:29:24.327Z expo:babel:exports Found assignment to module.exports or exports at 37
| 2026-09-17T05:29:24.317Z expo:babel:exports Found assignment to module.exports or exports at 37
| 2026-09-17T05:29:24.401Z expo:babel:exports Found assignment to module.exports or exports at 4
| 2026-09-17T05:29:24.307Z expo:babel:server-data-loaders Skipping file outside app directory: C:\Users\iceku\Documents\Codex\2026-09-17\c-gps-ev\Gps_EV\EVChargingMap\node_modules\react-native-web\dist\modules\useResponderEvents\utils.js
| 2026-09-17T05:29:24.308Z expo:babel:server-data-loaders Skipping file outside app directory: C:\Users\iceku\Documents\Codex\2026-09-17\c-gps-ev\Gps_EV\EVChargingMap\node_modules\react-native-web\dist\modules\useResponderEvents\utils.js
| 2026-09-17T05:29:24.319Z expo:babel:server-data-loaders Skipping file outside app directory: C:\Users\iceku\Documents\Codex\2026-09-17\c-gps-ev\Gps_EV\EVChargingMap\node_modules\react-native-web\dist\modules\useResponderEvents\utils.js
| 2026-09-17T05:29:24.319Z expo:babel:server-data-loaders Skipping file outside app directory: C:\Users\iceku\Documents\Codex\2026-09-17\c-gps-ev\Gps_EV\EVChargingMap\node_modules\react-native-web\dist\modules\useResponderEvents\utils.js
| 2026-09-17T05:29:24.320Z expo:babel:server-data-loaders Skipping file outside app directory: C:\Users\iceku\Documents\Codex\2026-09-17\c-gps-ev\Gps_EV\EVChargingMap\node_modules\react-native-web\dist\modules\useResponderEvents\utils.js
| 2026-09-17T05:29:24.320Z expo:babel:server-data-loaders Skipping file outside app directory: C:\Users\iceku\Documents\Codex\2026-09-17\c-gps-ev\Gps_EV\EVChargingMap\node_modules\react-native-web\dist\modules\useResponderEvents\utils.js
| 2026-09-17T05:29:24.416Z expo:babel:exports Found assignment to module.exports or exports at 37
| 2026-09-17T05:29:24.363Z expo:babel:exports Found assignment to module.exports or exports at 37
| 2026-09-17T05:29:24.436Z expo:babel:exports Found assignment to module.exports or exports at 360
| 2026-09-17T05:29:24.488Z expo:babel:exports Found assignment to module.exports or exports at 3
| 2026-09-17T05:29:24.474Z expo:babel:exports Found assignment to module.exports or exports at 3
| 2026-09-17T05:29:24.502Z expo:babel:exports Found assignment to module.exports or exports at 3
| 2026-09-17T05:29:24.488Z expo:babel:exports Found assignment to module.exports or exports at 3
| 2026-09-17T05:29:24.525Z expo:babel:server-data-loaders Skipping file outside app directory: C:\Users\iceku\Documents\Codex\2026-09-17\c-gps-ev\Gps_EV\EVChargingMap\node_modules\expo\src\async-require\buildUrlForBundle.ts
| 2026-09-17T05:29:24.560Z expo:babel:exports Found assignment to module.exports or exports at 7
| 2026-09-17T05:29:24.504Z expo:babel:server-data-loaders Skipping file outside app directory: C:\Users\iceku\Documents\Codex\2026-09-17\c-gps-ev\Gps_EV\EVChargingMap\node_modules\expo\src\utils\getBundleUrl.web.ts
| 2026-09-17T05:29:24.582Z expo:babel:exports Found assignment to module.exports or exports at 48
| 2026-09-17T05:29:24.593Z expo:babel:exports Found assignment to module.exports or exports at 15
| 2026-09-17T05:29:24.569Z expo:babel:exports Found assignment to module.exports or exports at 37
| 2026-09-17T05:29:24.610Z expo:babel:server-data-loaders Skipping file outside app directory: C:\Users\iceku\Documents\Codex\2026-09-17\c-gps-ev\Gps_EV\EVChargingMap\node_modules\react-native-maps\src\MapHeatmap.tsx
| 2026-09-17T05:29:24.610Z expo:babel:exports Found assignment to module.exports or exports at 3
| 2026-09-17T05:29:24.596Z expo:babel:server-data-loaders Skipping file outside app directory: C:\Users\iceku\Documents\Codex\2026-09-17\c-gps-ev\Gps_EV\EVChargingMap\node_modules\expo\src\async-require\fetchThenEval.web.ts
| 2026-09-17T05:29:24.507Z expo:babel:exports Found assignment to module.exports or exports at 3
| 2026-09-17T05:29:24.637Z expo:babel:exports Found assignment to module.exports or exports at 6
| 2026-09-17T05:29:24.654Z expo:babel:server-data-loaders Skipping file outside app directory: C:\Users\iceku\Documents\Codex\2026-09-17\c-gps-ev\Gps_EV\EVChargingMap\node_modules\react-native-maps\src\MapView.web.ts
| 2026-09-17T05:29:24.679Z expo:babel:server-data-loaders Skipping file outside app directory: C:\Users\iceku\Documents\Codex\2026-09-17\c-gps-ev\Gps_EV\EVChargingMap\node_modules\react-native-maps\src\MapMarker.tsx
| 2026-09-17T05:29:24.680Z expo:babel:exports Found assignment to module.exports or exports at 1
| 2026-09-17T05:29:24.718Z expo:babel:server-data-loaders Skipping file outside app directory: C:\Users\iceku\Documents\Codex\2026-09-17\c-gps-ev\Gps_EV\EVChargingMap\node_modules\react-native-web\dist\modules\addEventListener\index.js
| 2026-09-17T05:29:24.752Z expo:babel:server-data-loaders Skipping file outside app directory: C:\Users\iceku\Documents\Codex\2026-09-17\c-gps-ev\Gps_EV\EVChargingMap\node_modules\react-native-maps\src\MapOverlay.tsx
| 2026-09-17T05:29:24.763Z expo:babel:server-data-loaders Skipping file outside app directory: C:\Users\iceku\Documents\Codex\2026-09-17\c-gps-ev\Gps_EV\EVChargingMap\node_modules\react-native-maps\src\MapPolygon.tsx
| 2026-09-17T05:29:24.773Z expo:babel:server-data-loaders Skipping file outside app directory: C:\Users\iceku\Documents\Codex\2026-09-17\c-gps-ev\Gps_EV\EVChargingMap\node_modules\react-native-maps\src\MapCalloutSubview.tsx
| 2026-09-17T05:29:24.778Z expo:babel:server-data-loaders Skipping file outside app directory: C:\Users\iceku\Documents\Codex\2026-09-17\c-gps-ev\Gps_EV\EVChargingMap\node_modules\react-native-maps\src\MapCircle.tsx
| 2026-09-17T05:29:24.684Z expo:babel:exports Found assignment to module.exports or exports at 48
| 2026-09-17T05:29:24.806Z expo:babel:exports Found assignment to module.exports or exports at 3
| 2026-09-17T05:29:24.810Z expo:babel:server-data-loaders Skipping file outside app directory: C:\Users\iceku\Documents\Codex\2026-09-17\c-gps-ev\Gps_EV\EVChargingMap\node_modules\react-native-maps\src\MapLocalTile.tsx
| 2026-09-17T05:29:24.814Z expo:babel:server-data-loaders Skipping file outside app directory: C:\Users\iceku\Documents\Codex\2026-09-17\c-gps-ev\Gps_EV\EVChargingMap\node_modules\react-native-maps\src\MapView.types.ts
| 2026-09-17T05:29:24.822Z expo:babel:server-data-loaders Skipping file outside app directory: C:\Users\iceku\Documents\Codex\2026-09-17\c-gps-ev\Gps_EV\EVChargingMap\node_modules\react-native-maps\src\MapPolygon.types.ts
| 2026-09-17T05:29:24.795Z expo:babel:server-data-loaders Skipping file outside app directory: C:\Users\iceku\Documents\Codex\2026-09-17\c-gps-ev\Gps_EV\EVChargingMap\node_modules\react-native-maps\src\MapPolyline.tsx
| 2026-09-17T05:29:24.856Z expo:babel:server-data-loaders Skipping file outside app directory: C:\Users\iceku\Documents\Codex\2026-09-17\c-gps-ev\Gps_EV\EVChargingMap\node_modules\react-native-maps\src\sharedTypes.ts
| 2026-09-17T05:29:24.874Z expo:babel:exports Found assignment to module.exports or exports at 3
| 2026-09-17T05:29:24.886Z expo:babel:server-data-loaders Skipping file outside app directory: C:\Users\iceku\Documents\Codex\2026-09-17\c-gps-ev\Gps_EV\EVChargingMap\node_modules\css-in-js-utils\es\index.js
| 2026-09-17T05:29:24.870Z expo:babel:server-data-loaders Skipping file outside app directory: C:\Users\iceku\Documents\Codex\2026-09-17\c-gps-ev\Gps_EV\EVChargingMap\node_modules\react-native-maps\src\MapUrlTile.tsx
| 2026-09-17T05:29:24.861Z expo:babel:exports Found assignment to module.exports or exports at 37
| 2026-09-17T05:29:24.889Z expo:babel:server-data-loaders Skipping file outside app directory: C:\Users\iceku\Documents\Codex\2026-09-17\c-gps-ev\Gps_EV\EVChargingMap\node_modules\react-native-maps\src\MapWMSTile.tsx
| 2026-09-17T05:29:24.926Z expo:babel:server-data-loaders Skipping file outside app directory: C:\Users\iceku\Documents\Codex\2026-09-17\c-gps-ev\Gps_EV\EVChargingMap\node_modules\react-native-maps\src\ProviderConstants.ts
| 2026-09-17T05:29:24.926Z expo:babel:server-data-loaders Skipping file outside app directory: C:\Users\iceku\Documents\Codex\2026-09-17\c-gps-ev\Gps_EV\EVChargingMap\node_modules\react-native-maps\src\ProviderConstants.ts
| 2026-09-17T05:29:24.954Z expo:babel:exports Found assignment to module.exports or exports at 37
| 2026-09-17T05:29:24.966Z expo:babel:exports Found assignment to module.exports or exports at 37
| 2026-09-17T05:29:25.005Z expo:babel:exports Found assignment to module.exports or exports at 4
| 2026-09-17T05:29:25.019Z expo:babel:exports Found assignment to module.exports or exports at 37
| 2026-09-17T05:29:25.030Z expo:babel:exports Found assignment to module.exports or exports at 37
| 2026-09-17T05:29:24.976Z expo:babel:exports Found assignment to module.exports or exports at 37
| 2026-09-17T05:29:25.039Z expo:babel:exports Found assignment to module.exports or exports at 37
| 2026-09-17T05:29:25.074Z expo:babel:exports Found assignment to module.exports or exports at 37
| 2026-09-17T05:29:25.103Z expo:babel:exports Found assignment to module.exports or exports at 6
| 2026-09-17T05:29:25.086Z expo:babel:exports Found assignment to module.exports or exports at 37
| 2026-09-17T05:29:25.114Z expo:babel:exports Found assignment to module.exports or exports at 6
| 2026-09-17T05:29:25.145Z expo:babel:exports Found assignment to module.exports or exports at 4
| 2026-09-17T05:29:25.139Z expo:babel:exports Found assignment to module.exports or exports at 6
| 2026-09-17T05:29:25.187Z expo:babel:server-data-loaders Skipping file outside app directory: C:\Users\iceku\Documents\Codex\2026-09-17\c-gps-ev\Gps_EV\EVChargingMap\node_modules\@babel\runtime\helpers\esm\arrayLikeToArray.js
| 2026-09-17T05:29:25.213Z expo:babel:exports Found assignment to module.exports or exports at 14
| 2026-09-17T05:29:25.185Z expo:babel:exports Found assignment to module.exports or exports at 37
| 2026-09-17T05:29:25.236Z expo:babel:exports Found assignment to module.exports or exports at 3
| 2026-09-17T05:29:25.259Z expo:babel:exports Found assignment to module.exports or exports at 37
| 2026-09-17T05:29:25.255Z expo:babel:exports Found assignment to module.exports or exports at 3
| 2026-09-17T05:29:25.269Z expo:babel:exports Found assignment to module.exports or exports at 60
| 2026-09-17T05:29:25.325Z expo:babel:server-data-loaders Skipping file outside app directory: C:\Users\iceku\Documents\Codex\2026-09-17\c-gps-ev\Gps_EV\EVChargingMap\node_modules\@react-native-async-storage\async-storage\lib\module\hooks.js
| 2026-09-17T05:29:25.371Z expo:babel:exports Found assignment to module.exports or exports at 37
| 2026-09-17T05:29:25.382Z expo:babel:exports Found assignment to module.exports or exports at 1272
| 2026-09-17T05:29:25.456Z expo:babel:server-data-loaders Skipping file outside app directory: C:\Users\iceku\Documents\Codex\2026-09-17\c-gps-ev\Gps_EV\EVChargingMap\node_modules\expo-location\build\LocationEventEmitter.web.js
| 2026-09-17T05:29:25.485Z expo:babel:exports Found assignment to module.exports or exports at 17
| 2026-09-17T05:29:25.549Z expo:babel:exports Found assignment to module.exports or exports at 37
| 2026-09-17T05:29:25.571Z expo:babel:exports Found assignment to module.exports or exports at 37
| 2026-09-17T05:29:25.581Z expo:babel:exports Found assignment to module.exports or exports at 37
| 2026-09-17T05:29:25.617Z expo:babel:exports Found assignment to module.exports or exports at 37
| 2026-09-17T05:29:25.623Z expo:babel:exports Found assignment to module.exports or exports at 37
| 2026-09-17T05:29:25.639Z expo:babel:exports Found assignment to module.exports or exports at 3
| 2026-09-17T05:29:25.657Z expo:babel:exports Found assignment to module.exports or exports at 37
| 2026-09-17T05:29:25.688Z expo:babel:exports Found assignment to module.exports or exports at 3
| 2026-09-17T05:29:25.708Z expo:babel:server-data-loaders Skipping file outside app directory: C:\Users\iceku\Documents\Codex\2026-09-17\c-gps-ev\Gps_EV\EVChargingMap\node_modules\react-native-web\dist\vendor\react-native\Animated\AnimatedEvent.js
| 2026-09-17T05:29:25.719Z expo:babel:exports Found assignment to module.exports or exports at 37
| 2026-09-17T05:29:25.736Z expo:babel:exports Found assignment to module.exports or exports at 37
| 2026-09-17T05:29:25.748Z expo:babel:exports Found assignment to module.exports or exports at 37
| 2026-09-17T05:29:25.752Z expo:babel:exports Found assignment to module.exports or exports at 37
| 2026-09-17T05:29:25.709Z expo:babel:server-data-loaders Skipping file outside app directory: C:\Users\iceku\Documents\Codex\2026-09-17\c-gps-ev\Gps_EV\EVChargingMap\node_modules\react-native-web\dist\vendor\react-native\Animated\AnimatedEvent.js
| 2026-09-17T05:29:25.785Z expo:babel:exports Found assignment to module.exports or exports at 40
| 2026-09-17T05:29:25.798Z expo:babel:server-data-loaders Skipping file outside app directory: C:\Users\iceku\Documents\Codex\2026-09-17\c-gps-ev\Gps_EV\EVChargingMap\node_modules\expo-location\build\Location.js
| 2026-09-17T05:29:25.847Z expo:babel:exports Found assignment to module.exports or exports at 3
| 2026-09-17T05:29:25.880Z expo:babel:exports Found assignment to module.exports or exports at 37
| 2026-09-17T05:29:25.889Z expo:babel:server-data-loaders Skipping file outside app directory: C:\Users\iceku\Documents\Codex\2026-09-17\c-gps-ev\Gps_EV\EVChargingMap\node_modules\expo-location\build\LocationSubscribers.js
| 2026-09-17T05:29:25.914Z expo:babel:exports Found assignment to module.exports or exports at 360
| 2026-09-17T05:29:25.924Z expo:babel:exports Found assignment to module.exports or exports at 4
| 2026-09-17T05:29:25.889Z expo:babel:server-data-loaders Skipping file outside app directory: C:\Users\iceku\Documents\Codex\2026-09-17\c-gps-ev\Gps_EV\EVChargingMap\node_modules\expo-location\build\LocationSubscribers.js
| 2026-09-17T05:29:25.889Z expo:babel:server-data-loaders Skipping file outside app directory: C:\Users\iceku\Documents\Codex\2026-09-17\c-gps-ev\Gps_EV\EVChargingMap\node_modules\expo-location\build\LocationSubscribers.js
| 2026-09-17T05:29:25.889Z expo:babel:server-data-loaders Skipping file outside app directory: C:\Users\iceku\Documents\Codex\2026-09-17\c-gps-ev\Gps_EV\EVChargingMap\node_modules\expo-location\build\LocationSubscribers.js
| 2026-09-17T05:29:25.889Z expo:babel:server-data-loaders Skipping file outside app directory: C:\Users\iceku\Documents\Codex\2026-09-17\c-gps-ev\Gps_EV\EVChargingMap\node_modules\expo-location\build\LocationSubscribers.js
| 2026-09-17T05:29:25.799Z expo:babel:server-data-loaders Skipping file outside app directory: C:\Users\iceku\Documents\Codex\2026-09-17\c-gps-ev\Gps_EV\EVChargingMap\node_modules\expo-location\build\Location.js
| 2026-09-17T05:29:25.799Z expo:babel:server-data-loaders Skipping file outside app directory: C:\Users\iceku\Documents\Codex\2026-09-17\c-gps-ev\Gps_EV\EVChargingMap\node_modules\expo-location\build\Location.js
| 2026-09-17T05:29:25.799Z expo:babel:server-data-loaders Skipping file outside app directory: C:\Users\iceku\Documents\Codex\2026-09-17\c-gps-ev\Gps_EV\EVChargingMap\node_modules\expo-location\build\Location.js
| 2026-09-17T05:29:25.799Z expo:babel:server-data-loaders Skipping file outside app directory: C:\Users\iceku\Documents\Codex\2026-09-17\c-gps-ev\Gps_EV\EVChargingMap\node_modules\expo-location\build\Location.js
| 2026-09-17T05:29:25.800Z expo:babel:server-data-loaders Skipping file outside app directory: C:\Users\iceku\Documents\Codex\2026-09-17\c-gps-ev\Gps_EV\EVChargingMap\node_modules\expo-location\build\Location.js
| 2026-09-17T05:29:25.801Z expo:babel:server-data-loaders Skipping file outside app directory: C:\Users\iceku\Documents\Codex\2026-09-17\c-gps-ev\Gps_EV\EVChargingMap\node_modules\expo-location\build\Location.js
| 2026-09-17T05:29:25.801Z expo:babel:server-data-loaders Skipping file outside app directory: C:\Users\iceku\Documents\Codex\2026-09-17\c-gps-ev\Gps_EV\EVChargingMap\node_modules\expo-location\build\Location.js
| 2026-09-17T05:29:25.802Z expo:babel:server-data-loaders Skipping file outside app directory: C:\Users\iceku\Documents\Codex\2026-09-17\c-gps-ev\Gps_EV\EVChargingMap\node_modules\expo-location\build\Location.js
| 2026-09-17T05:29:25.802Z expo:babel:server-data-loaders Skipping file outside app directory: C:\Users\iceku\Documents\Codex\2026-09-17\c-gps-ev\Gps_EV\EVChargingMap\node_modules\expo-location\build\Location.js
| 2026-09-17T05:29:25.802Z expo:babel:server-data-loaders Skipping file outside app directory: C:\Users\iceku\Documents\Codex\2026-09-17\c-gps-ev\Gps_EV\EVChargingMap\node_modules\expo-location\build\Location.js
| 2026-09-17T05:29:25.802Z expo:babel:server-data-loaders Skipping file outside app directory: C:\Users\iceku\Documents\Codex\2026-09-17\c-gps-ev\Gps_EV\EVChargingMap\node_modules\expo-location\build\Location.js
| 2026-09-17T05:29:25.802Z expo:babel:server-data-loaders Skipping file outside app directory: C:\Users\iceku\Documents\Codex\2026-09-17\c-gps-ev\Gps_EV\EVChargingMap\node_modules\expo-location\build\Location.js
| 2026-09-17T05:29:25.803Z expo:babel:server-data-loaders Skipping file outside app directory: C:\Users\iceku\Documents\Codex\2026-09-17\c-gps-ev\Gps_EV\EVChargingMap\node_modules\expo-location\build\Location.js
| 2026-09-17T05:29:25.803Z expo:babel:server-data-loaders Skipping file outside app directory: C:\Users\iceku\Documents\Codex\2026-09-17\c-gps-ev\Gps_EV\EVChargingMap\node_modules\expo-location\build\Location.js
| 2026-09-17T05:29:25.803Z expo:babel:server-data-loaders Skipping file outside app directory: C:\Users\iceku\Documents\Codex\2026-09-17\c-gps-ev\Gps_EV\EVChargingMap\node_modules\expo-location\build\Location.js
| 2026-09-17T05:29:25.803Z expo:babel:server-data-loaders Skipping file outside app directory: C:\Users\iceku\Documents\Codex\2026-09-17\c-gps-ev\Gps_EV\EVChargingMap\node_modules\expo-location\build\Location.js
| 2026-09-17T05:29:25.803Z expo:babel:server-data-loaders Skipping file outside app directory: C:\Users\iceku\Documents\Codex\2026-09-17\c-gps-ev\Gps_EV\EVChargingMap\node_modules\expo-location\build\Location.js
| 2026-09-17T05:29:25.803Z expo:babel:server-data-loaders Skipping file outside app directory: C:\Users\iceku\Documents\Codex\2026-09-17\c-gps-ev\Gps_EV\EVChargingMap\node_modules\expo-location\build\Location.js
| 2026-09-17T05:29:25.803Z expo:babel:server-data-loaders Skipping file outside app directory: C:\Users\iceku\Documents\Codex\2026-09-17\c-gps-ev\Gps_EV\EVChargingMap\node_modules\expo-location\build\Location.js
| 2026-09-17T05:29:25.804Z expo:babel:server-data-loaders Skipping file outside app directory: C:\Users\iceku\Documents\Codex\2026-09-17\c-gps-ev\Gps_EV\EVChargingMap\node_modules\expo-location\build\Location.js
| 2026-09-17T05:29:25.804Z expo:babel:server-data-loaders Skipping file outside app directory: C:\Users\iceku\Documents\Codex\2026-09-17\c-gps-ev\Gps_EV\EVChargingMap\node_modules\expo-location\build\Location.js
| 2026-09-17T05:29:25.804Z expo:babel:server-data-loaders Skipping file outside app directory: C:\Users\iceku\Documents\Codex\2026-09-17\c-gps-ev\Gps_EV\EVChargingMap\node_modules\expo-location\build\Location.js
| 2026-09-17T05:29:25.805Z expo:babel:server-data-loaders Skipping file outside app directory: C:\Users\iceku\Documents\Codex\2026-09-17\c-gps-ev\Gps_EV\EVChargingMap\node_modules\expo-location\build\Location.js
| 2026-09-17T05:29:25.805Z expo:babel:server-data-loaders Skipping file outside app directory: C:\Users\iceku\Documents\Codex\2026-09-17\c-gps-ev\Gps_EV\EVChargingMap\node_modules\expo-location\build\Location.js
| 2026-09-17T05:29:25.805Z expo:babel:server-data-loaders Skipping file outside app directory: C:\Users\iceku\Documents\Codex\2026-09-17\c-gps-ev\Gps_EV\EVChargingMap\node_modules\expo-location\build\Location.js
| 2026-09-17T05:29:25.806Z expo:babel:server-data-loaders Skipping file outside app directory: C:\Users\iceku\Documents\Codex\2026-09-17\c-gps-ev\Gps_EV\EVChargingMap\node_modules\expo-location\build\Location.js
| 2026-09-17T05:29:25.806Z expo:babel:server-data-loaders Skipping file outside app directory: C:\Users\iceku\Documents\Codex\2026-09-17\c-gps-ev\Gps_EV\EVChargingMap\node_modules\expo-location\build\Location.js
| 2026-09-17T05:29:25.951Z expo:babel:exports Found assignment to module.exports or exports at 3
| 2026-09-17T05:29:25.947Z expo:babel:server-data-loaders Skipping file outside app directory: C:\Users\iceku\Documents\Codex\2026-09-17\c-gps-ev\Gps_EV\EVChargingMap\node_modules\expo-location\build\Location.types.js
| 2026-09-17T05:29:25.948Z expo:babel:server-data-loaders Skipping file outside app directory: C:\Users\iceku\Documents\Codex\2026-09-17\c-gps-ev\Gps_EV\EVChargingMap\node_modules\expo-location\build\Location.types.js
| 2026-09-17T05:29:25.948Z expo:babel:server-data-loaders Skipping file outside app directory: C:\Users\iceku\Documents\Codex\2026-09-17\c-gps-ev\Gps_EV\EVChargingMap\node_modules\expo-location\build\Location.types.js
| 2026-09-17T05:29:25.948Z expo:babel:server-data-loaders Skipping file outside app directory: C:\Users\iceku\Documents\Codex\2026-09-17\c-gps-ev\Gps_EV\EVChargingMap\node_modules\expo-location\build\Location.types.js
| 2026-09-17T05:29:25.948Z expo:babel:server-data-loaders Skipping file outside app directory: C:\Users\iceku\Documents\Codex\2026-09-17\c-gps-ev\Gps_EV\EVChargingMap\node_modules\expo-location\build\Location.types.js
| 2026-09-17T05:29:25.948Z expo:babel:server-data-loaders Skipping file outside app directory: C:\Users\iceku\Documents\Codex\2026-09-17\c-gps-ev\Gps_EV\EVChargingMap\node_modules\expo-location\build\Location.types.js
| 2026-09-17T05:29:25.961Z expo:babel:server-data-loaders Skipping file outside app directory: C:\Users\iceku\Documents\Codex\2026-09-17\c-gps-ev\Gps_EV\EVChargingMap\node_modules\nanoid\non-secure\index.js
| 2026-09-17T05:29:25.982Z expo:babel:exports Found assignment to module.exports or exports at 3
| 2026-09-17T05:29:25.999Z expo:babel:exports Found assignment to module.exports or exports at 3
| 2026-09-17T05:29:26.000Z expo:babel:exports Found assignment to module.exports or exports at 3
| 2026-09-17T05:29:26.018Z expo:babel:exports Found assignment to module.exports or exports at 3
| 2026-09-17T05:29:25.998Z expo:babel:exports Found assignment to module.exports or exports at 17
| 2026-09-17T05:29:26.050Z expo:babel:exports Found assignment to module.exports or exports at 3
| 2026-09-17T05:29:26.059Z expo:babel:exports Found assignment to module.exports or exports at 3
| 2026-09-17T05:29:26.070Z expo:babel:exports Found assignment to module.exports or exports at 3
| 2026-09-17T05:29:26.114Z expo:babel:exports Found assignment to module.exports or exports at 3
| 2026-09-17T05:29:26.094Z expo:babel:env-vars Inlining environment variable in C:\Users\iceku\Documents\Codex\2026-09-17\c-gps-ev\Gps_EV\EVChargingMap\src\services\firebase.ts: EXPO_PUBLIC_FIREBASE_API_KEY
| 2026-09-17T05:29:26.094Z expo:babel:env-vars Inlining environment variable in C:\Users\iceku\Documents\Codex\2026-09-17\c-gps-ev\Gps_EV\EVChargingMap\src\services\firebase.ts: EXPO_PUBLIC_FIREBASE_AUTH_DOMAIN
| 2026-09-17T05:29:26.094Z expo:babel:env-vars Inlining environment variable in C:\Users\iceku\Documents\Codex\2026-09-17\c-gps-ev\Gps_EV\EVChargingMap\src\services\firebase.ts: EXPO_PUBLIC_FIREBASE_DATABASE_URL
| 2026-09-17T05:29:26.094Z expo:babel:env-vars Inlining environment variable in C:\Users\iceku\Documents\Codex\2026-09-17\c-gps-ev\Gps_EV\EVChargingMap\src\services\firebase.ts: EXPO_PUBLIC_FIREBASE_PROJECT_ID
| 2026-09-17T05:29:26.094Z expo:babel:env-vars Inlining environment variable in C:\Users\iceku\Documents\Codex\2026-09-17\c-gps-ev\Gps_EV\EVChargingMap\src\services\firebase.ts: EXPO_PUBLIC_FIREBASE_APP_ID
| 2026-09-17T05:29:26.094Z expo:babel:server-data-loaders Skipping file outside app directory: C:\Users\iceku\Documents\Codex\2026-09-17\c-gps-ev\Gps_EV\EVChargingMap\src\services\firebase.ts
| 2026-09-17T05:29:26.095Z expo:babel:server-data-loaders Skipping file outside app directory: C:\Users\iceku\Documents\Codex\2026-09-17\c-gps-ev\Gps_EV\EVChargingMap\src\services\firebase.ts
| 2026-09-17T05:29:26.095Z expo:babel:server-data-loaders Skipping file outside app directory: C:\Users\iceku\Documents\Codex\2026-09-17\c-gps-ev\Gps_EV\EVChargingMap\src\services\firebase.ts
| 2026-09-17T05:29:26.142Z expo:babel:exports Found assignment to module.exports or exports at 3
| 2026-09-17T05:29:26.165Z expo:babel:exports Found assignment to module.exports or exports at 3
| 2026-09-17T05:29:26.183Z expo:babel:exports Found assignment to module.exports or exports at 3
| 2026-09-17T05:29:26.190Z expo:babel:exports Found assignment to module.exports or exports at 37
| 2026-09-17T05:29:26.213Z expo:babel:exports Found assignment to module.exports or exports at 3
| 2026-09-17T05:29:26.225Z expo:babel:exports Found assignment to module.exports or exports at 3
| 2026-09-17T05:29:26.232Z expo:babel:exports Found assignment to module.exports or exports at 37
| 2026-09-17T05:29:26.268Z expo:babel:exports Found assignment to module.exports or exports at 4
| 2026-09-17T05:29:26.274Z expo:babel:exports Found assignment to module.exports or exports at 37
| 2026-09-17T05:29:26.285Z expo:babel:exports Found assignment to module.exports or exports at 37
| 2026-09-17T05:29:26.292Z expo:babel:exports Found assignment to module.exports or exports at 36
| 2026-09-17T05:29:26.314Z expo:babel:exports Found assignment to module.exports or exports at 3
| 2026-09-17T05:29:26.317Z expo:babel:exports Found assignment to module.exports or exports at 37
| 2026-09-17T05:29:26.349Z expo:babel:exports Found assignment to module.exports or exports at 37
| 2026-09-17T05:29:26.386Z expo:babel:exports Found assignment to module.exports or exports at 37
| 2026-09-17T05:29:26.185Z expo:babel:exports Found assignment to module.exports or exports at 3
| 2026-09-17T05:29:26.408Z expo:babel:exports Found assignment to module.exports or exports at 4
| 2026-09-17T05:29:26.423Z expo:babel:exports Found assignment to module.exports or exports at 37
| 2026-09-17T05:29:26.427Z expo:babel:exports Found assignment to module.exports or exports at 37
| 2026-09-17T05:29:26.455Z expo:babel:exports Found assignment to module.exports or exports at 37
| 2026-09-17T05:29:26.430Z expo:babel:exports Found assignment to module.exports or exports at 37
| 2026-09-17T05:29:26.495Z expo:babel:exports Found assignment to module.exports or exports at 37
| 2026-09-17T05:29:26.505Z expo:babel:exports Found assignment to module.exports or exports at 37
| 2026-09-17T05:29:26.506Z expo:babel:exports Found assignment to module.exports or exports at 4
| 2026-09-17T05:29:26.497Z expo:babel:exports Found assignment to module.exports or exports at 9
| 2026-09-17T05:29:26.547Z expo:babel:exports Found assignment to module.exports or exports at 4
| 2026-09-17T05:29:26.578Z expo:babel:exports Found assignment to module.exports or exports at 3
| 2026-09-17T05:29:26.569Z expo:babel:server-data-loaders Skipping file outside app directory: C:\Users\iceku\Documents\Codex\2026-09-17\c-gps-ev\Gps_EV\EVChargingMap\node_modules\expo-linking\build\Schemes.web.js
| 2026-09-17T05:29:26.570Z expo:babel:server-data-loaders Skipping file outside app directory: C:\Users\iceku\Documents\Codex\2026-09-17\c-gps-ev\Gps_EV\EVChargingMap\node_modules\expo-linking\build\Schemes.web.js
| 2026-09-17T05:29:26.570Z expo:babel:server-data-loaders Skipping file outside app directory: C:\Users\iceku\Documents\Codex\2026-09-17\c-gps-ev\Gps_EV\EVChargingMap\node_modules\expo-linking\build\Schemes.web.js
| 2026-09-17T05:29:26.570Z expo:babel:server-data-loaders Skipping file outside app directory: C:\Users\iceku\Documents\Codex\2026-09-17\c-gps-ev\Gps_EV\EVChargingMap\node_modules\expo-linking\build\Schemes.web.js
| 2026-09-17T05:29:26.597Z expo:babel:server-data-loaders Skipping file outside app directory: C:\Users\iceku\Documents\Codex\2026-09-17\c-gps-ev\Gps_EV\EVChargingMap\node_modules\expo-linking\build\createURL.web.js
| 2026-09-17T05:29:26.590Z expo:babel:exports Found assignment to module.exports or exports at 4
| 2026-09-17T05:29:26.607Z expo:babel:exports Found assignment to module.exports or exports at 3
| 2026-09-17T05:29:26.618Z expo:babel:exports Found assignment to module.exports or exports at 3
| 2026-09-17T05:29:26.613Z expo:babel:exports Found assignment to module.exports or exports at 4
| 2026-09-17T05:29:26.598Z expo:babel:server-data-loaders Skipping file outside app directory: C:\Users\iceku\Documents\Codex\2026-09-17\c-gps-ev\Gps_EV\EVChargingMap\node_modules\expo-linking\build\createURL.web.js
| 2026-09-17T05:29:26.633Z expo:babel:exports Found assignment to module.exports or exports at 4
| 2026-09-17T05:29:26.649Z expo:babel:server-data-loaders Skipping file outside app directory: C:\Users\iceku\Documents\Codex\2026-09-17\c-gps-ev\Gps_EV\EVChargingMap\node_modules\expo-linking\build\Linking.types.js
| 2026-09-17T05:29:26.644Z expo:babel:exports Found assignment to module.exports or exports at 4
| 2026-09-17T05:29:26.665Z expo:babel:exports Found assignment to module.exports or exports at 4
| 2026-09-17T05:29:26.667Z expo:babel:exports Found assignment to module.exports or exports at 7
| 2026-09-17T05:29:26.704Z expo:babel:exports Found assignment to module.exports or exports at 4
| 2026-09-17T05:29:26.707Z expo:babel:exports Found assignment to module.exports or exports at 4
| 2026-09-17T05:29:26.718Z expo:babel:exports Found assignment to module.exports or exports at 4
| 2026-09-17T05:29:26.751Z expo:babel:exports Found assignment to module.exports or exports at 3
| 2026-09-17T05:29:26.809Z expo:babel:exports Found assignment to module.exports or exports at 3
| 2026-09-17T05:29:26.781Z expo:babel:exports Found assignment to module.exports or exports at 3
| 2026-09-17T05:29:26.873Z expo:babel:exports Found assignment to module.exports or exports at 39
| 2026-09-17T05:29:26.762Z expo:babel:exports Found assignment to module.exports or exports at 36
| 2026-09-17T05:29:26.881Z expo:babel:exports Found assignment to module.exports or exports at 3
| 2026-09-17T05:29:26.891Z expo:babel:exports Found assignment to module.exports or exports at 37
| 2026-09-17T05:29:26.887Z expo:babel:exports Found assignment to module.exports or exports at 4
| 2026-09-17T05:29:26.945Z expo:babel:exports Found assignment to module.exports or exports at 3
| 2026-09-17T05:29:26.968Z expo:babel:exports Found assignment to module.exports or exports at 3
| 2026-09-17T05:29:26.955Z expo:babel:exports Found assignment to module.exports or exports at 3
| 2026-09-17T05:29:26.986Z expo:babel:exports Found assignment to module.exports or exports at 3
| 2026-09-17T05:29:26.980Z expo:babel:exports Found assignment to module.exports or exports at 3
| 2026-09-17T05:29:27.004Z expo:babel:exports Found assignment to module.exports or exports at 3
| 2026-09-17T05:29:27.023Z expo:babel:exports Found assignment to module.exports or exports at 14044
| 2026-09-17T05:29:27.046Z expo:babel:exports Found assignment to module.exports or exports at 3
| 2026-09-17T05:29:27.053Z expo:babel:exports Found assignment to module.exports or exports at 3
| 2026-09-17T05:29:27.001Z expo:babel:exports Found assignment to module.exports or exports at 36
| 2026-09-17T05:29:27.078Z expo:babel:exports Found assignment to module.exports or exports at 3
| 2026-09-17T05:29:26.982Z expo:babel:exports Found assignment to module.exports or exports at 3
| 2026-09-17T05:29:27.102Z expo:babel:exports Found assignment to module.exports or exports at 37
| 2026-09-17T05:29:27.151Z expo:babel:exports Found assignment to module.exports or exports at 3
| 2026-09-17T05:29:27.178Z expo:babel:server-data-loaders Skipping file outside app directory: C:\Users\iceku\Documents\Codex\2026-09-17\c-gps-ev\Gps_EV\EVChargingMap\node_modules\expo\src\dom\dom-hooks.ts
| 2026-09-17T05:29:27.215Z expo:babel:exports Found assignment to module.exports or exports at 18
| 2026-09-17T05:29:27.126Z expo:babel:exports Found assignment to module.exports or exports at 36
| 2026-09-17T05:29:27.233Z expo:babel:server-data-loaders Skipping file outside app directory: C:\Users\iceku\Documents\Codex\2026-09-17\c-gps-ev\Gps_EV\EVChargingMap\node_modules\react-native-screens\lib\module\components\safe-area\SafeAreaView.web.js
| 2026-09-17T05:29:27.250Z expo:babel:server-data-loaders Skipping file outside app directory: C:\Users\iceku\Documents\Codex\2026-09-17\c-gps-ev\Gps_EV\EVChargingMap\node_modules\react-native-screens\lib\module\contexts.js
| 2026-09-17T05:29:27.328Z expo:babel:server-data-loaders Skipping file outside app directory: C:\Users\iceku\Documents\Codex\2026-09-17\c-gps-ev\Gps_EV\EVChargingMap\node_modules\react-native-screens\lib\module\components\tabs\screen\index.js
| 2026-09-17T05:29:27.251Z expo:babel:server-data-loaders Skipping file outside app directory: C:\Users\iceku\Documents\Codex\2026-09-17\c-gps-ev\Gps_EV\EVChargingMap\node_modules\react-native-screens\lib\module\contexts.js
| 2026-09-17T05:29:27.333Z expo:babel:server-data-loaders Skipping file outside app directory: C:\Users\iceku\Documents\Codex\2026-09-17\c-gps-ev\Gps_EV\EVChargingMap\node_modules\react-native-screens\lib\module\components\helpers\PlatformUtils.js
| 2026-09-17T05:29:27.333Z expo:babel:server-data-loaders Skipping file outside app directory: C:\Users\iceku\Documents\Codex\2026-09-17\c-gps-ev\Gps_EV\EVChargingMap\node_modules\react-native-screens\lib\module\components\tabs\host\index.js
| 2026-09-17T05:29:27.322Z expo:babel:server-data-loaders Skipping file outside app directory: C:\Users\iceku\Documents\Codex\2026-09-17\c-gps-ev\Gps_EV\EVChargingMap\node_modules\react-native-screens\lib\module\components\contexts\EdgeInsetApplicationContext.js
| 2026-09-17T05:29:27.322Z expo:babel:server-data-loaders Skipping file outside app directory: C:\Users\iceku\Documents\Codex\2026-09-17\c-gps-ev\Gps_EV\EVChargingMap\node_modules\react-native-screens\lib\module\components\contexts\EdgeInsetApplicationContext.js
| 2026-09-17T05:29:27.366Z expo:babel:exports Found assignment to module.exports or exports at 38
| 2026-09-17T05:29:27.368Z expo:babel:exports Found assignment to module.exports or exports at 18
| 2026-09-17T05:29:27.417Z expo:babel:exports Found assignment to module.exports or exports at 6
| 2026-09-17T05:29:27.453Z expo:babel:exports Found assignment to module.exports or exports at 6
| 2026-09-17T05:29:27.435Z expo:babel:exports Found assignment to module.exports or exports at 6
| 2026-09-17T05:29:27.466Z expo:babel:exports Found assignment to module.exports or exports at 6
| 2026-09-17T05:29:27.492Z expo:babel:exports Found assignment to module.exports or exports at 3
| 2026-09-17T05:29:27.513Z expo:babel:exports Found assignment to module.exports or exports at 3
| 2026-09-17T05:29:27.557Z expo:babel:exports Found assignment to module.exports or exports at 6
| 2026-09-17T05:29:27.633Z expo:babel:exports Found assignment to module.exports or exports at 37
| 2026-09-17T05:29:27.562Z expo:babel:exports Found assignment to module.exports or exports at 7
| 2026-09-17T05:29:27.640Z expo:babel:server-data-loaders Skipping file outside app directory: C:\Users\iceku\Documents\Codex\2026-09-17\c-gps-ev\Gps_EV\EVChargingMap\node_modules\expo-glass-effect\build\isGlassEffectAPIAvailable.js
| 2026-09-17T05:29:27.645Z expo:babel:server-data-loaders Skipping file outside app directory: C:\Users\iceku\Documents\Codex\2026-09-17\c-gps-ev\Gps_EV\EVChargingMap\node_modules\expo-glass-effect\build\isLiquidGlassAvailable.js
| 2026-09-17T05:29:27.697Z expo:babel:exports Found assignment to module.exports or exports at 37
| 2026-09-17T05:29:27.789Z expo:babel:exports Found assignment to module.exports or exports at 3
| 2026-09-17T05:29:27.791Z expo:babel:exports Found assignment to module.exports or exports at 4
| 2026-09-17T05:29:27.791Z expo:babel:exports Found assignment to module.exports or exports at 3
| 2026-09-17T05:29:27.781Z expo:babel:exports Found assignment to module.exports or exports at 37
| 2026-09-17T05:29:27.889Z expo:babel:exports Found assignment to module.exports or exports at 3
| 2026-09-17T05:29:27.919Z expo:babel:exports Found assignment to module.exports or exports at 4
| 2026-09-17T05:29:27.922Z expo:babel:exports Found assignment to module.exports or exports at 6
| 2026-09-17T05:29:27.923Z expo:babel:exports Found assignment to module.exports or exports at 37
| 2026-09-17T05:29:27.978Z expo:babel:exports Found assignment to module.exports or exports at 4
| 2026-09-17T05:29:27.979Z expo:babel:exports Found assignment to module.exports or exports at 4
| 2026-09-17T05:29:27.999Z expo:babel:exports Found assignment to module.exports or exports at 4
| 2026-09-17T05:29:28.044Z expo:babel:exports Found assignment to module.exports or exports at 40
| 2026-09-17T05:29:28.061Z expo:babel:exports Found assignment to module.exports or exports at 3
| 2026-09-17T05:29:28.075Z expo:babel:exports Found assignment to module.exports or exports at 4
| 2026-09-17T05:29:28.105Z expo:babel:exports Found assignment to module.exports or exports at 3
| 2026-09-17T05:29:28.120Z expo:babel:exports Found assignment to module.exports or exports at 4
| 2026-09-17T05:29:28.148Z expo:babel:exports Found assignment to module.exports or exports at 4
| 2026-09-17T05:29:28.162Z expo:babel:exports Found assignment to module.exports or exports at 37
| 2026-09-17T05:29:28.193Z expo:babel:exports Found assignment to module.exports or exports at 4
| 2026-09-17T05:29:28.196Z expo:babel:exports Found assignment to module.exports or exports at 3
| 2026-09-17T05:29:28.231Z expo:babel:exports Found assignment to module.exports or exports at 3
| 2026-09-17T05:29:28.028Z expo:babel:exports Found assignment to module.exports or exports at 40
| 2026-09-17T05:29:28.275Z expo:babel:exports Found assignment to module.exports or exports at 6
| 2026-09-17T05:29:28.311Z expo:babel:exports Found assignment to module.exports or exports at 36
| 2026-09-17T05:29:28.314Z expo:babel:exports Found assignment to module.exports or exports at 40
| 2026-09-17T05:29:28.337Z expo:babel:exports Found assignment to module.exports or exports at 4
| 2026-09-17T05:29:28.370Z expo:babel:exports Found assignment to module.exports or exports at 57
| 2026-09-17T05:29:28.380Z expo:babel:exports Found assignment to module.exports or exports at 3
| 2026-09-17T05:29:28.408Z expo:babel:exports Found assignment to module.exports or exports at 12
| 2026-09-17T05:29:28.410Z expo:babel:exports Found assignment to module.exports or exports at 4
| 2026-09-17T05:29:28.415Z expo:babel:exports Found assignment to module.exports or exports at 2
| 2026-09-17T05:29:28.416Z expo:babel:exports Found assignment to module.exports or exports at 3
| 2026-09-17T05:29:28.428Z expo:babel:exports Found assignment to module.exports or exports at 37
| 2026-09-17T05:29:28.430Z expo:babel:exports Found assignment to module.exports or exports at 2
| 2026-09-17T05:29:28.435Z expo:babel:exports Found assignment to module.exports or exports at 6
| 2026-09-17T05:29:28.453Z expo:babel:server-data-loaders Skipping file outside app directory: C:\Users\iceku\Documents\Codex\2026-09-17\c-gps-ev\Gps_EV\EVChargingMap\node_modules\expo\src\async-require\fetchThenEvalJs.ts
| 2026-09-17T05:29:28.454Z expo:babel:exports Found assignment to module.exports or exports at 80
| 2026-09-17T05:29:28.455Z expo:babel:exports Found assignment to module.exports or exports at 6
| 2026-09-17T05:29:28.504Z expo:babel:exports Found assignment to module.exports or exports at 6
| 2026-09-17T05:29:28.526Z expo:babel:server-data-loaders Skipping file outside app directory: C:\Users\iceku\Documents\Codex\2026-09-17\c-gps-ev\Gps_EV\EVChargingMap\node_modules\react-native-maps\src\decorateMapComponent.ts
| 2026-09-17T05:29:28.575Z expo:babel:server-data-loaders Skipping file outside app directory: C:\Users\iceku\Documents\Codex\2026-09-17\c-gps-ev\Gps_EV\EVChargingMap\node_modules\react-native-maps\src\MapMarkerNativeComponent.ts
| 2026-09-17T05:29:28.526Z expo:babel:server-data-loaders Skipping file outside app directory: C:\Users\iceku\Documents\Codex\2026-09-17\c-gps-ev\Gps_EV\EVChargingMap\node_modules\react-native-maps\src\decorateMapComponent.ts
| 2026-09-17T05:29:28.526Z expo:babel:server-data-loaders Skipping file outside app directory: C:\Users\iceku\Documents\Codex\2026-09-17\c-gps-ev\Gps_EV\EVChargingMap\node_modules\react-native-maps\src\decorateMapComponent.ts
| 2026-09-17T05:29:28.526Z expo:babel:server-data-loaders Skipping file outside app directory: C:\Users\iceku\Documents\Codex\2026-09-17\c-gps-ev\Gps_EV\EVChargingMap\node_modules\react-native-maps\src\decorateMapComponent.ts
| 2026-09-17T05:29:28.526Z expo:babel:server-data-loaders Skipping file outside app directory: C:\Users\iceku\Documents\Codex\2026-09-17\c-gps-ev\Gps_EV\EVChargingMap\node_modules\react-native-maps\src\decorateMapComponent.ts
| 2026-09-17T05:29:28.526Z expo:babel:server-data-loaders Skipping file outside app directory: C:\Users\iceku\Documents\Codex\2026-09-17\c-gps-ev\Gps_EV\EVChargingMap\node_modules\react-native-maps\src\decorateMapComponent.ts
| 2026-09-17T05:29:28.526Z expo:babel:server-data-loaders Skipping file outside app directory: C:\Users\iceku\Documents\Codex\2026-09-17\c-gps-ev\Gps_EV\EVChargingMap\node_modules\react-native-maps\src\decorateMapComponent.ts
| 2026-09-17T05:29:28.621Z expo:babel:exports Found assignment to module.exports or exports at 6
| 2026-09-17T05:29:28.640Z expo:babel:server-data-loaders Skipping file outside app directory: C:\Users\iceku\Documents\Codex\2026-09-17\c-gps-ev\Gps_EV\EVChargingMap\node_modules\react-native-web\dist\vendor\react-native\TurboModule\TurboModuleRegistry.js
| 2026-09-17T05:29:28.651Z expo:babel:server-data-loaders Skipping file outside app directory: C:\Users\iceku\Documents\Codex\2026-09-17\c-gps-ev\Gps_EV\EVChargingMap\node_modules\react-native-maps\src\fixImageProp.ts
| 2026-09-17T05:29:28.640Z expo:babel:server-data-loaders Skipping file outside app directory: C:\Users\iceku\Documents\Codex\2026-09-17\c-gps-ev\Gps_EV\EVChargingMap\node_modules\react-native-web\dist\vendor\react-native\TurboModule\TurboModuleRegistry.js
| 2026-09-17T05:29:28.649Z expo:babel:exports Found assignment to module.exports or exports at 6
| 2026-09-17T05:29:28.683Z expo:babel:exports Found assignment to module.exports or exports at 6
| 2026-09-17T05:29:28.686Z expo:babel:exports Found assignment to module.exports or exports at 6
| 2026-09-17T05:29:28.700Z expo:babel:exports Found assignment to module.exports or exports at 6
| 2026-09-17T05:29:28.701Z expo:babel:exports Found assignment to module.exports or exports at 37
| 2026-09-17T05:29:28.810Z expo:babel:exports Found assignment to module.exports or exports at 98
| 2026-09-17T05:29:28.841Z expo:babel:exports Found assignment to module.exports or exports at 37
| 2026-09-17T05:29:28.848Z expo:babel:exports Found assignment to module.exports or exports at 36
| 2026-09-17T05:29:28.857Z expo:babel:exports Found assignment to module.exports or exports at 37
| 2026-09-17T05:29:28.882Z expo:babel:exports Found assignment to module.exports or exports at 4
| 2026-09-17T05:29:28.907Z expo:babel:exports Found assignment to module.exports or exports at 57
| 2026-09-17T05:29:23.313Z expo:babel:exports Found assignment to module.exports or exports at 15966
| 2026-09-17T05:29:28.972Z expo:babel:exports Found assignment to module.exports or exports at 3
| 2026-09-17T05:29:28.871Z expo:babel:exports Found assignment to module.exports or exports at 411
| 2026-09-17T05:29:29.032Z expo:babel:server-data-loaders Skipping file outside app directory: C:\Users\iceku\Documents\Codex\2026-09-17\c-gps-ev\Gps_EV\EVChargingMap\node_modules\react-native-web\dist\vendor\react-native\Animated\NativeAnimatedHelper.js
| 2026-09-17T05:29:29.049Z expo:babel:exports Found assignment to module.exports or exports at 2
| 2026-09-17T05:29:29.051Z expo:babel:exports Found assignment to module.exports or exports at 6
| 2026-09-17T05:29:29.065Z expo:babel:exports Found assignment to module.exports or exports at 80
| 2026-09-17T05:29:29.032Z expo:babel:server-data-loaders Skipping file outside app directory: C:\Users\iceku\Documents\Codex\2026-09-17\c-gps-ev\Gps_EV\EVChargingMap\node_modules\react-native-maps\src\MapCallout.tsx
| 2026-09-17T05:29:29.083Z expo:babel:exports Found assignment to module.exports or exports at 2
| 2026-09-17T05:29:29.100Z expo:babel:exports Found assignment to module.exports or exports at 3
| 2026-09-17T05:29:29.090Z expo:babel:server-data-loaders Skipping file outside app directory: C:\Users\iceku\Documents\Codex\2026-09-17\c-gps-ev\Gps_EV\EVChargingMap\node_modules\expo-location\build\GeolocationPolyfill.js
| 2026-09-17T05:29:29.163Z expo:babel:exports Found assignment to module.exports or exports at 37
| 2026-09-17T05:29:29.186Z expo:babel:exports Found assignment to module.exports or exports at 2249
| 2026-09-17T05:29:29.190Z expo:babel:exports Found assignment to module.exports or exports at 37
| 2026-09-17T05:29:29.190Z expo:babel:exports Found assignment to module.exports or exports at 37
| 2026-09-17T05:29:29.129Z expo:babel:exports Found assignment to module.exports or exports at 36
| 2026-09-17T05:29:29.278Z expo:babel:exports Found assignment to module.exports or exports at 6
| 2026-09-17T05:29:29.278Z expo:babel:server-data-loaders Skipping file outside app directory: C:\Users\iceku\Documents\Codex\2026-09-17\c-gps-ev\Gps_EV\EVChargingMap\node_modules\expo\src\async-require\buildAsyncRequire.ts
| 2026-09-17T05:29:29.285Z expo:babel:exports Found assignment to module.exports or exports at 4
| 2026-09-17T05:29:29.294Z expo:babel:exports Found assignment to module.exports or exports at 40
| 2026-09-17T05:29:29.300Z expo:babel:exports Found assignment to module.exports or exports at 10
| 2026-09-17T05:29:29.334Z expo:babel:server-data-loaders Skipping file outside app directory: C:\Users\iceku\Documents\Codex\2026-09-17\c-gps-ev\Gps_EV\EVChargingMap\node_modules\expo\src\dom\webview-bridge.ts
| 2026-09-17T05:29:29.335Z expo:babel:exports Found assignment to module.exports or exports at 3
| 2026-09-17T05:29:29.352Z expo:babel:exports Found assignment to module.exports or exports at 3
| 2026-09-17T05:29:29.367Z expo:babel:server-data-loaders Skipping file outside app directory: C:\Users\iceku\Documents\Codex\2026-09-17\c-gps-ev\Gps_EV\EVChargingMap\node_modules\expo\src\dom\injection.ts
| 2026-09-17T05:29:29.367Z expo:babel:server-data-loaders Skipping file outside app directory: C:\Users\iceku\Documents\Codex\2026-09-17\c-gps-ev\Gps_EV\EVChargingMap\node_modules\expo\src\dom\injection.ts
| 2026-09-17T05:29:29.367Z expo:babel:server-data-loaders Skipping file outside app directory: C:\Users\iceku\Documents\Codex\2026-09-17\c-gps-ev\Gps_EV\EVChargingMap\node_modules\expo\src\dom\injection.ts
| 2026-09-17T05:29:29.367Z expo:babel:server-data-loaders Skipping file outside app directory: C:\Users\iceku\Documents\Codex\2026-09-17\c-gps-ev\Gps_EV\EVChargingMap\node_modules\expo\src\dom\injection.ts
| 2026-09-17T05:29:29.367Z expo:babel:server-data-loaders Skipping file outside app directory: C:\Users\iceku\Documents\Codex\2026-09-17\c-gps-ev\Gps_EV\EVChargingMap\node_modules\expo\src\dom\injection.ts
| 2026-09-17T05:29:29.367Z expo:babel:server-data-loaders Skipping file outside app directory: C:\Users\iceku\Documents\Codex\2026-09-17\c-gps-ev\Gps_EV\EVChargingMap\node_modules\expo\src\dom\injection.ts
| 2026-09-17T05:29:29.367Z expo:babel:server-data-loaders Skipping file outside app directory: C:\Users\iceku\Documents\Codex\2026-09-17\c-gps-ev\Gps_EV\EVChargingMap\node_modules\expo\src\dom\injection.ts
| 2026-09-17T05:29:29.368Z expo:babel:server-data-loaders Skipping file outside app directory: C:\Users\iceku\Documents\Codex\2026-09-17\c-gps-ev\Gps_EV\EVChargingMap\node_modules\expo\src\dom\injection.ts
| 2026-09-17T05:29:29.386Z expo:babel:exports Found assignment to module.exports or exports at 40
| 2026-09-17T05:29:29.335Z expo:babel:server-data-loaders Skipping file outside app directory: C:\Users\iceku\Documents\Codex\2026-09-17\c-gps-ev\Gps_EV\EVChargingMap\node_modules\expo\src\dom\webview-bridge.ts
| 2026-09-17T05:29:29.419Z expo:babel:exports Found assignment to module.exports or exports at 4
| 2026-09-17T05:29:29.444Z expo:babel:exports Found assignment to module.exports or exports at 7
| 2026-09-17T05:29:29.488Z expo:babel:exports Found assignment to module.exports or exports at 9
| 2026-09-17T05:29:29.513Z expo:babel:server-data-loaders Skipping file outside app directory: C:\Users\iceku\Documents\Codex\2026-09-17\c-gps-ev\Gps_EV\EVChargingMap\node_modules\expo-linking\build\validateURL.js
| 2026-09-17T05:29:29.514Z expo:babel:exports Found assignment to module.exports or exports at 6
| 2026-09-17T05:29:29.548Z expo:babel:exports Found assignment to module.exports or exports at 6
| 2026-09-17T05:29:29.550Z expo:babel:exports Found assignment to module.exports or exports at 37
| 2026-09-17T05:29:29.555Z expo:babel:exports Found assignment to module.exports or exports at 6
| 2026-09-17T05:29:29.582Z expo:babel:exports Found assignment to module.exports or exports at 496
| 2026-09-17T05:29:29.595Z expo:babel:exports Found assignment to module.exports or exports at 39
| 2026-09-17T05:29:29.617Z expo:babel:exports Found assignment to module.exports or exports at 6
| 2026-09-17T05:29:29.634Z expo:babel:exports Found assignment to module.exports or exports at 4
| 2026-09-17T05:29:29.643Z expo:babel:exports Found assignment to module.exports or exports at 3
| 2026-09-17T05:29:29.703Z expo:babel:server-data-loaders Skipping file outside app directory: C:\Users\iceku\Documents\Codex\2026-09-17\c-gps-ev\Gps_EV\EVChargingMap\node_modules\expo\src\async-require\getFullBundlerUrl.ts
| 2026-09-17T05:29:29.727Z expo:babel:exports Found assignment to module.exports or exports at 40
| 2026-09-17T05:29:29.729Z expo:babel:server-data-loaders Skipping file outside app directory: C:\Users\iceku\Documents\Codex\2026-09-17\c-gps-ev\Gps_EV\EVChargingMap\node_modules\react-native-maps\src\specs\NativeComponentMarker.ts
| 2026-09-17T05:29:29.737Z expo:babel:server-data-loaders Skipping file outside app directory: C:\Users\iceku\Documents\Codex\2026-09-17\c-gps-ev\Gps_EV\EVChargingMap\node_modules\expo\src\async-require\fetchAsync.ts
| 2026-09-17T05:29:29.501Z expo:babel:exports Found assignment to module.exports or exports at 4
| 2026-09-17T05:29:29.809Z expo:babel:exports Found assignment to module.exports or exports at 3
| 2026-09-17T05:29:29.814Z expo:babel:server-data-loaders Skipping file outside app directory: C:\Users\iceku\Documents\Codex\2026-09-17\c-gps-ev\Gps_EV\EVChargingMap\node_modules\expo\src\async-require\errors.ts
| 2026-09-17T05:29:29.816Z expo:babel:exports Found assignment to module.exports or exports at 6
| 2026-09-17T05:29:29.841Z expo:babel:exports Found assignment to module.exports or exports at 3
| 2026-09-17T05:29:29.846Z expo:babel:exports Found assignment to module.exports or exports at 6
| 2026-09-17T05:29:29.848Z expo:babel:exports Found assignment to module.exports or exports at 6
| 2026-09-17T05:29:29.857Z expo:babel:exports Found assignment to module.exports or exports at 3
| 2026-09-17T05:29:29.890Z expo:babel:exports Found assignment to module.exports or exports at 37
| 2026-09-17T05:29:29.850Z expo:babel:exports Found assignment to module.exports or exports at 6
| 2026-09-17T05:29:29.908Z expo:babel:exports Found assignment to module.exports or exports at 20
| 2026-09-17T05:29:29.872Z expo:babel:exports Found assignment to module.exports or exports at 187
| 2026-09-17T05:29:29.937Z expo:babel:exports Found assignment to module.exports or exports at 37
| 2026-09-17T05:29:30.006Z expo:babel:exports Found assignment to module.exports or exports at 4
| 2026-09-17T05:29:30.029Z expo:babel:exports Found assignment to module.exports or exports at 154
| 2026-09-17T05:29:30.049Z expo:babel:exports Found assignment to module.exports or exports at 4
| 2026-09-17T05:29:30.060Z expo:babel:exports Found assignment to module.exports or exports at 4
| 2026-09-17T05:29:30.025Z expo:babel:server-data-loaders Skipping file outside app directory: C:\Users\iceku\Documents\Codex\2026-09-17\c-gps-ev\Gps_EV\EVChargingMap\node_modules\expo\src\async-require\loadBundle.ts
| 2026-09-17T05:29:30.082Z expo:babel:server-data-loaders Skipping file outside app directory: C:\Users\iceku\Documents\Codex\2026-09-17\c-gps-ev\Gps_EV\EVChargingMap\node_modules\@firebase\app\dist\esm\index.esm.js
| 2026-09-17T05:29:30.096Z expo:babel:exports Found assignment to module.exports or exports at 36
| 2026-09-17T05:29:30.109Z expo:babel:exports Found assignment to module.exports or exports at 7
| 2026-09-17T05:29:30.172Z expo:babel:server-data-loaders Skipping file outside app directory: C:\Users\iceku\Documents\Codex\2026-09-17\c-gps-ev\Gps_EV\EVChargingMap\node_modules\expo\src\dom\dom.web.ts
| 2026-09-17T05:29:30.180Z expo:babel:exports Found assignment to module.exports or exports at 3
| 2026-09-17T05:29:30.096Z expo:babel:exports Found assignment to module.exports or exports at 37
| 2026-09-17T05:29:30.182Z expo:babel:exports Found assignment to module.exports or exports at 4
| 2026-09-17T05:29:30.192Z expo:babel:exports Found assignment to module.exports or exports at 21
| 2026-09-17T05:29:30.206Z expo:babel:exports Found assignment to module.exports or exports at 6
| 2026-09-17T05:29:30.206Z expo:babel:server-data-loaders Skipping file outside app directory: C:\Users\iceku\Documents\Codex\2026-09-17\c-gps-ev\Gps_EV\EVChargingMap\node_modules\expo\src\winter\ImportMetaRegistry.ts
| 2026-09-17T05:29:30.210Z expo:babel:exports Found assignment to module.exports or exports at 15
| 2026-09-17T05:29:30.222Z expo:babel:exports Found assignment to module.exports or exports at 6
| 2026-09-17T05:29:30.234Z expo:babel:exports Found assignment to module.exports or exports at 6
| 2026-09-17T05:29:30.258Z expo:babel:exports Found assignment to module.exports or exports at 6
| 2026-09-17T05:29:30.286Z expo:babel:exports Found assignment to module.exports or exports at 6
| 2026-09-17T05:29:30.261Z expo:babel:exports Found assignment to module.exports or exports at 81
| 2026-09-17T05:29:30.309Z expo:babel:exports Found assignment to module.exports or exports at 6
| 2026-09-17T05:29:30.311Z expo:babel:exports Found assignment to module.exports or exports at 6
| 2026-09-17T05:29:30.323Z expo:babel:exports Found assignment to module.exports or exports at 6
| 2026-09-17T05:29:30.335Z expo:babel:server-data-loaders Skipping file outside app directory: C:\Users\iceku\Documents\Codex\2026-09-17\c-gps-ev\Gps_EV\EVChargingMap\node_modules\react-native-web\dist\vendor\react-native\TurboModule\TurboModuleRegistry.js
| 2026-09-17T05:29:30.359Z expo:babel:exports Found assignment to module.exports or exports at 6
| 2026-09-17T05:29:30.339Z expo:babel:exports Found assignment to module.exports or exports at 6
| 2026-09-17T05:29:30.335Z expo:babel:server-data-loaders Skipping file outside app directory: C:\Users\iceku\Documents\Codex\2026-09-17\c-gps-ev\Gps_EV\EVChargingMap\node_modules\react-native-web\dist\vendor\react-native\TurboModule\TurboModuleRegistry.js
| 2026-09-17T05:29:30.375Z expo:babel:exports Found assignment to module.exports or exports at 3
| 2026-09-17T05:29:30.383Z expo:babel:exports Found assignment to module.exports or exports at 3
| 2026-09-17T05:29:30.373Z expo:babel:exports Found assignment to module.exports or exports at 3
| 2026-09-17T05:29:30.396Z expo:babel:exports Found assignment to module.exports or exports at 3
| 2026-09-17T05:29:30.389Z expo:babel:exports Found assignment to module.exports or exports at 3
| 2026-09-17T05:29:30.407Z expo:babel:exports Found assignment to module.exports or exports at 3
| 2026-09-17T05:29:30.408Z expo:babel:exports Found assignment to module.exports or exports at 37
| 2026-09-17T05:29:30.409Z expo:babel:exports Found assignment to module.exports or exports at 78
| 2026-09-17T05:29:30.384Z expo:babel:server-data-loaders Skipping file outside app directory: C:\Users\iceku\Documents\Codex\2026-09-17\c-gps-ev\Gps_EV\EVChargingMap\node_modules\expo\src\async-require\fetchThenEval.web.ts
| 2026-09-17T05:29:30.424Z expo:babel:exports Found assignment to module.exports or exports at 3
| 2026-09-17T05:29:30.409Z expo:babel:exports Found assignment to module.exports or exports at 37
| 2026-09-17T05:29:30.455Z expo:babel:exports Found assignment to module.exports or exports at 8
| 2026-09-17T05:29:30.470Z expo:babel:exports Found assignment to module.exports or exports at 4
| 2026-09-17T05:29:30.451Z expo:babel:exports Found assignment to module.exports or exports at 3
| 2026-09-17T05:29:30.093Z expo:babel:server-data-loaders Skipping file outside app directory: C:\Users\iceku\Documents\Codex\2026-09-17\c-gps-ev\Gps_EV\EVChargingMap\node_modules\@firebase\app\dist\esm\index.esm.js
| 2026-09-17T05:29:30.497Z expo:babel:exports Found assignment to module.exports or exports at 3
| 2026-09-17T05:29:30.436Z expo:babel:exports Found assignment to module.exports or exports at 3
| 2026-09-17T05:29:30.497Z expo:babel:exports Found assignment to module.exports or exports at 3
| 2026-09-17T05:29:30.519Z expo:babel:exports Found assignment to module.exports or exports at 32
| 2026-09-17T05:29:30.531Z expo:babel:exports Found assignment to module.exports or exports at 4
| 2026-09-17T05:29:30.606Z expo:babel:exports Found assignment to module.exports or exports at 1
| 2026-09-17T05:29:30.630Z expo:babel:server-data-loaders Skipping file outside app directory: C:\Users\iceku\Documents\Codex\2026-09-17\c-gps-ev\Gps_EV\EVChargingMap\node_modules\@firebase\logger\dist\esm\index.esm.js
| 2026-09-17T05:29:30.646Z expo:babel:server-data-loaders Skipping file outside app directory: C:\Users\iceku\Documents\Codex\2026-09-17\c-gps-ev\Gps_EV\EVChargingMap\node_modules\idb\build\index.js
| 2026-09-17T05:29:30.747Z expo:babel:exports Found assignment to module.exports or exports at 3
| 2026-09-17T05:29:30.653Z expo:babel:server-data-loaders Skipping file outside app directory: C:\Users\iceku\Documents\Codex\2026-09-17\c-gps-ev\Gps_EV\EVChargingMap\node_modules\idb\build\index.js
| 2026-09-17T05:29:30.767Z expo:babel:server-data-loaders Skipping file outside app directory: C:\Users\iceku\Documents\Codex\2026-09-17\c-gps-ev\Gps_EV\EVChargingMap\node_modules\@firebase\util\dist\index.esm.js
| 2026-09-17T05:29:30.778Z expo:babel:server-data-loaders Skipping file outside app directory: C:\Users\iceku\Documents\Codex\2026-09-17\c-gps-ev\Gps_EV\EVChargingMap\node_modules\@firebase\component\dist\esm\index.esm.js
| 2026-09-17T05:29:30.623Z expo:babel:exports Found assignment to module.exports or exports at 60
| 2026-09-17T05:29:30.502Z expo:babel:exports Found assignment to module.exports or exports at 3
| 2026-09-17T05:29:30.540Z expo:babel:exports Found assignment to module.exports or exports at 37
| 2026-09-17T05:29:30.847Z expo:babel:exports Found assignment to module.exports or exports at 47
2026-09-17T05:29:30.877Z expo:start:server:metro:multi-platform Virtualizing Node.js "util"
| 2026-09-17T05:29:30.884Z expo:babel:server-data-loaders Skipping file outside app directory: C:\Users\iceku\Documents\Codex\2026-09-17\c-gps-ev\Gps_EV\EVChargingMap\node_modules\idb\build\wrap-idb-value.js
| 2026-09-17T05:29:30.910Z expo:babel:exports Found assignment to module.exports or exports at 4
| 2026-09-17T05:29:30.945Z expo:babel:exports Found assignment to module.exports or exports at 4
| 2026-09-17T05:29:30.869Z expo:babel:server-data-loaders Skipping file outside app directory: C:\Users\iceku\Documents\Codex\2026-09-17\c-gps-ev\Gps_EV\EVChargingMap\node_modules\expo\src\utils\getBundleUrl.web.ts
| 2026-09-17T05:29:30.990Z expo:babel:exports Found assignment to module.exports or exports at 37
| 2026-09-17T05:29:30.993Z expo:babel:exports Found assignment to module.exports or exports at 133
| 2026-09-17T05:29:31.001Z expo:babel:exports Found assignment to module.exports or exports at 43
| 2026-09-17T05:29:31.029Z expo:babel:exports Found assignment to module.exports or exports at 90
| 2026-09-17T05:29:31.046Z expo:babel:server-data-loaders Skipping file outside app directory: C:\Users\iceku\Documents\Codex\2026-09-17\c-gps-ev\Gps_EV\EVChargingMap\node_modules\expo\src\launch\AppRegistry.ts
2026-09-17T05:29:31.054Z expo:start:server:metro:multi-platform Virtualizing Node.js "stream"
| 2026-09-17T05:29:31.070Z expo:babel:exports Found assignment to module.exports or exports at 3
| 2026-09-17T05:29:31.072Z expo:babel:exports Found assignment to module.exports or exports at 4
| 2026-09-17T05:29:31.092Z expo:babel:exports Found assignment to module.exports or exports at 112
| 2026-09-17T05:29:31.098Z expo:babel:exports Found assignment to module.exports or exports at 199
| 2026-09-17T05:29:31.109Z expo:babel:exports Found assignment to module.exports or exports at 142
| 2026-09-17T05:29:31.114Z expo:babel:exports Found assignment to module.exports or exports at 6
2026-09-17T05:29:31.128Z expo:start:server:metro:multi-platform Virtualizing Node.js "util"
2026-09-17T05:29:31.128Z expo:start:server:metro:multi-platform Virtualizing Node.js "net"
2026-09-17T05:29:31.128Z expo:start:server:metro:multi-platform Virtualizing Node.js "tls"
2026-09-17T05:29:31.128Z expo:start:server:metro:multi-platform Virtualizing Node.js "url"
| 2026-09-17T05:29:31.123Z expo:babel:exports Found assignment to module.exports or exports at 4
2026-09-17T05:29:31.140Z expo:start:server:metro:multi-platform Virtualizing Node.js "util"
| 2026-09-17T05:29:31.138Z expo:babel:exports Found assignment to module.exports or exports at 4
| 2026-09-17T05:29:31.145Z expo:babel:exports Found assignment to module.exports or exports at 35
| 2026-09-17T05:29:31.149Z expo:babel:exports Found assignment to module.exports or exports at 22
| 2026-09-17T05:29:31.174Z expo:babel:exports Found assignment to module.exports or exports at 193
2026-09-17T05:29:31.195Z expo:start:server:metro:multi-platform Virtualizing Node.js "crypto"
2026-09-17T05:29:31.195Z expo:start:server:metro:multi-platform Virtualizing Node.js "url"
| 2026-09-17T05:29:31.183Z expo:babel:exports Found assignment to module.exports or exports at 30
| 2026-09-17T05:29:31.185Z expo:babel:exports Found assignment to module.exports or exports at 7
| 2026-09-17T05:29:31.190Z expo:babel:exports Found assignment to module.exports or exports at 1
| 2026-09-17T05:29:31.195Z expo:babel:exports Found assignment to module.exports or exports at 1
| 2026-09-17T05:29:31.207Z expo:babel:exports Found assignment to module.exports or exports at 1
| 2026-09-17T05:29:31.211Z expo:babel:exports Found assignment to module.exports or exports at 4
| 2026-09-17T05:29:31.235Z expo:babel:exports Found assignment to module.exports or exports at 13
2026-09-17T05:29:31.246Z expo:start:server:metro:multi-platform Virtualizing Node.js "stream"
| 2026-09-17T05:29:31.242Z expo:babel:exports Found assignment to module.exports or exports at 135
| 2026-09-17T05:29:31.245Z expo:babel:exports Found assignment to module.exports or exports at 496
2026-09-17T05:29:31.262Z expo:start:server:metro:multi-platform Virtualizing Node.js "buffer"
| 2026-09-17T05:29:31.294Z expo:babel:exports Found assignment to module.exports or exports at 117
| 2026-09-17T05:29:31.298Z expo:babel:exports Found assignment to module.exports or exports at 3
2026-09-17T05:29:31.304Z expo:start:server:metro:multi-platform Virtualizing Node.js "events"
| 2026-09-17T05:29:31.319Z expo:babel:exports Found assignment to module.exports or exports at 124
| 2026-09-17T05:29:31.325Z expo:babel:exports Found assignment to module.exports or exports at 1
| 2026-09-17T05:29:31.328Z expo:babel:exports Found assignment to module.exports or exports at 10
| 2026-09-17T05:29:31.340Z expo:babel:exports Found assignment to module.exports or exports at 488
| 2026-09-17T05:29:31.358Z expo:babel:exports Found assignment to module.exports or exports at 1
| 2026-09-17T05:29:31.359Z expo:babel:exports Found assignment to module.exports or exports at 99
| 2026-09-17T05:29:31.370Z expo:babel:exports Found assignment to module.exports or exports at 145
| 2026-09-17T05:29:31.375Z expo:babel:exports Found assignment to module.exports or exports at 10
| 2026-09-17T05:29:31.382Z expo:babel:exports Found assignment to module.exports or exports at 69
2026-09-17T05:29:31.412Z expo:start:server:metro:multi-platform Virtualizing Node.js "stream"
2026-09-17T05:29:31.412Z expo:start:server:metro:multi-platform Virtualizing Node.js "util"
| 2026-09-17T05:29:31.415Z expo:babel:exports Found assignment to module.exports or exports at 3
2026-09-17T05:29:31.434Z expo:start:server:metro:multi-platform Virtualizing Node.js "stream"
| 2026-09-17T05:29:31.428Z expo:babel:exports Found assignment to module.exports or exports at 3
| 2026-09-17T05:29:31.478Z expo:babel:exports Found assignment to module.exports or exports at 4
| 2026-09-17T05:29:31.480Z expo:babel:exports Found assignment to module.exports or exports at 3
| 2026-09-17T05:29:31.509Z expo:babel:exports Found assignment to module.exports or exports at 7
| 2026-09-17T05:29:31.538Z expo:babel:server-data-loaders Skipping file outside app directory: C:\Users\iceku\Documents\Codex\2026-09-17\c-gps-ev\Gps_EV\EVChargingMap\node_modules\@firebase\database\dist\index.esm.js
| 2026-09-17T05:29:31.541Z expo:babel:exports Found assignment to module.exports or exports at 17
| 2026-09-17T05:29:31.544Z expo:babel:server-data-loaders Skipping file outside app directory: C:\Users\iceku\Documents\Codex\2026-09-17\c-gps-ev\Gps_EV\EVChargingMap\node_modules\@firebase\util\dist\postinstall.mjs
| 2026-09-17T05:29:31.546Z expo:babel:exports Found assignment to module.exports or exports at 4
| 2026-09-17T05:29:31.562Z expo:babel:exports Found assignment to module.exports or exports at 81
| 2026-09-17T05:29:31.595Z expo:babel:exports Found assignment to module.exports or exports at 3
| 2026-09-17T05:29:31.600Z expo:babel:exports Found assignment to module.exports or exports at 4
| 2026-09-17T05:29:31.605Z expo:babel:exports Found assignment to module.exports or exports at 4
| 2026-09-17T05:29:31.613Z expo:babel:exports Found assignment to module.exports or exports at 4
| 2026-09-17T05:29:31.616Z expo:babel:exports Found assignment to module.exports or exports at 34
| 2026-09-17T05:29:31.639Z expo:babel:exports Found assignment to module.exports or exports at 15
| 2026-09-17T05:29:31.641Z expo:babel:exports Found assignment to module.exports or exports at 3
| 2026-09-17T05:29:31.644Z expo:babel:exports Found assignment to module.exports or exports at 21
| 2026-09-17T05:29:31.657Z expo:babel:exports Found assignment to module.exports or exports at 162
| 2026-09-17T05:29:31.695Z expo:babel:exports Found assignment to module.exports or exports at 3
| 2026-09-17T05:29:31.703Z expo:babel:exports Found assignment to module.exports or exports at 3
| 2026-09-17T05:29:31.745Z expo:babel:exports Found assignment to module.exports or exports at 52
| 2026-09-17T05:29:31.786Z expo:babel:exports Found assignment to module.exports or exports at 3
| 2026-09-17T05:29:31.787Z expo:babel:server-data-loaders Skipping file outside app directory: C:\Users\iceku\Documents\Codex\2026-09-17\c-gps-ev\Gps_EV\EVChargingMap\node_modules\expo\src\async-require\buildUrlForBundle.ts
| 2026-09-17T05:29:31.788Z expo:babel:exports Found assignment to module.exports or exports at 3
| 2026-09-17T05:29:31.788Z expo:babel:exports Found assignment to module.exports or exports at 3
| 2026-09-17T05:29:31.808Z expo:babel:server-data-loaders Skipping file outside app directory: C:\Users\iceku\Documents\Codex\2026-09-17\c-gps-ev\Gps_EV\EVChargingMap\node_modules\standard-navigation\lib\src\index.js
| 2026-09-17T05:29:31.809Z expo:babel:exports Found assignment to module.exports or exports at 3
| 2026-09-17T05:29:31.816Z expo:babel:exports Found assignment to module.exports or exports at 47
| 2026-09-17T05:29:31.824Z expo:babel:exports Found assignment to module.exports or exports at 36
| 2026-09-17T05:29:31.840Z expo:babel:exports Found assignment to module.exports or exports at 103
| 2026-09-17T05:29:31.851Z expo:babel:exports Found assignment to module.exports or exports at 37
| 2026-09-17T05:29:31.871Z expo:babel:exports Found assignment to module.exports or exports at 32
| 2026-09-17T05:29:31.875Z expo:babel:exports Found assignment to module.exports or exports at 4
| 2026-09-17T05:29:31.899Z expo:babel:exports Found assignment to module.exports or exports at 53
| 2026-09-17T05:29:31.901Z expo:babel:exports Found assignment to module.exports or exports at 4
| 2026-09-17T05:29:31.911Z expo:babel:exports Found assignment to module.exports or exports at 37
| 2026-09-17T05:29:31.956Z expo:babel:exports Found assignment to module.exports or exports at 8
| 2026-09-17T05:29:31.957Z expo:babel:exports Found assignment to module.exports or exports at 3
| 2026-09-17T05:29:31.970Z expo:babel:server-data-loaders Skipping file outside app directory: C:\Users\iceku\Documents\Codex\2026-09-17\c-gps-ev\Gps_EV\EVChargingMap\node_modules\expo\src\async-require\getFullBundlerUrl.ts
| 2026-09-17T05:29:32.012Z expo:babel:exports Found assignment to module.exports or exports at 3
| 2026-09-17T05:29:32.021Z expo:babel:exports Found assignment to module.exports or exports at 72
| 2026-09-17T05:29:32.023Z expo:babel:exports Found assignment to module.exports or exports at 20
| 2026-09-17T05:29:32.030Z expo:babel:exports Found assignment to module.exports or exports at 6
| 2026-09-17T05:29:32.039Z expo:babel:exports Found assignment to module.exports or exports at 66
| 2026-09-17T05:29:32.054Z expo:babel:exports Found assignment to module.exports or exports at 3
| 2026-09-17T05:29:32.101Z expo:babel:exports Found assignment to module.exports or exports at 4
| 2026-09-17T05:29:32.124Z expo:babel:exports Found assignment to module.exports or exports at 3
| 2026-09-17T05:29:32.140Z expo:babel:exports Found assignment to module.exports or exports at 3
| 2026-09-17T05:29:32.146Z expo:babel:exports Found assignment to module.exports or exports at 7
| 2026-09-17T05:29:32.152Z expo:babel:exports Found assignment to module.exports or exports at 40
| 2026-09-17T05:29:32.160Z expo:babel:exports Found assignment to module.exports or exports at 3
| 2026-09-17T05:29:32.161Z expo:babel:exports Found assignment to module.exports or exports at 37
| 2026-09-17T05:29:32.173Z expo:babel:exports Found assignment to module.exports or exports at 6
| 2026-09-17T05:29:32.210Z expo:babel:exports Found assignment to module.exports or exports at 3
| 2026-09-17T05:29:32.228Z expo:babel:exports Found assignment to module.exports or exports at 3
| 2026-09-17T05:29:32.241Z expo:babel:exports Found assignment to module.exports or exports at 4
| 2026-09-17T05:29:32.248Z expo:babel:exports Found assignment to module.exports or exports at 3
| 2026-09-17T05:29:32.250Z expo:babel:exports Found assignment to module.exports or exports at 1
| 2026-09-17T05:29:32.260Z expo:babel:exports Found assignment to module.exports or exports at 4
| 2026-09-17T05:29:32.260Z expo:babel:exports Found assignment to module.exports or exports at 4
| 2026-09-17T05:29:32.296Z expo:babel:exports Found assignment to module.exports or exports at 4
| 2026-09-17T05:29:32.320Z expo:babel:exports Found assignment to module.exports or exports at 3
| 2026-09-17T05:29:32.320Z expo:babel:exports Found assignment to module.exports or exports at 78
| 2026-09-17T05:29:32.346Z expo:babel:exports Found assignment to module.exports or exports at 37
| 2026-09-17T05:29:32.375Z expo:babel:exports Found assignment to module.exports or exports at 4
| 2026-09-17T05:29:32.395Z expo:babel:exports Found assignment to module.exports or exports at 3
| 2026-09-17T05:29:32.404Z expo:babel:exports Found assignment to module.exports or exports at 4
| 2026-09-17T05:29:32.428Z expo:babel:exports Found assignment to module.exports or exports at 40
| 2026-09-17T05:29:32.438Z expo:babel:exports Found assignment to module.exports or exports at 3
| 2026-09-17T05:29:32.450Z expo:babel:exports Found assignment to module.exports or exports at 4
| 2026-09-17T05:29:32.471Z expo:babel:exports Found assignment to module.exports or exports at 4
| 2026-09-17T05:29:32.474Z expo:babel:exports Found assignment to module.exports or exports at 3
| 2026-09-17T05:29:32.497Z expo:babel:exports Found assignment to module.exports or exports at 3
| 2026-09-17T05:29:32.498Z expo:babel:exports Found assignment to module.exports or exports at 3
| 2026-09-17T05:29:32.513Z expo:babel:exports Found assignment to module.exports or exports at 4
| 2026-09-17T05:29:32.518Z expo:babel:exports Found assignment to module.exports or exports at 4
| 2026-09-17T05:29:32.537Z expo:babel:exports Found assignment to module.exports or exports at 40
| 2026-09-17T05:29:32.539Z expo:babel:exports Found assignment to module.exports or exports at 4
| 2026-09-17T05:29:32.555Z expo:babel:exports Found assignment to module.exports or exports at 3
| 2026-09-17T05:29:32.569Z expo:babel:exports Found assignment to module.exports or exports at 3
| 2026-09-17T05:29:32.584Z expo:babel:exports Found assignment to module.exports or exports at 3
| 2026-09-17T05:29:32.615Z expo:babel:exports Found assignment to module.exports or exports at 3
| 2026-09-17T05:29:32.616Z expo:babel:exports Found assignment to module.exports or exports at 3
| 2026-09-17T05:29:32.668Z expo:babel:exports Found assignment to module.exports or exports at 3
| 2026-09-17T05:29:32.675Z expo:babel:exports Found assignment to module.exports or exports at 3
| 2026-09-17T05:29:32.691Z expo:babel:exports Found assignment to module.exports or exports at 3
| 2026-09-17T05:29:32.697Z expo:babel:exports Found assignment to module.exports or exports at 4
| 2026-09-17T05:29:32.715Z expo:babel:exports Found assignment to module.exports or exports at 37
| 2026-09-17T05:29:32.777Z expo:babel:exports Found assignment to module.exports or exports at 37
| 2026-09-17T05:29:32.783Z expo:babel:exports Found assignment to module.exports or exports at 40
| 2026-09-17T05:29:34.424Z expo:babel:exports Found assignment to module.exports or exports at 3
| 2026-09-17T05:29:34.477Z expo:babel:exports Found assignment to module.exports or exports at 36
| 2026-09-17T05:29:34.536Z expo:babel:server-data-loaders Skipping file outside app directory: C:\Users\iceku\Documents\Codex\2026-09-17\c-gps-ev\Gps_EV\EVChargingMap\node_modules\expo-glass-effect\build\index.js
| 2026-09-17T05:29:34.537Z expo:babel:exports Found assignment to module.exports or exports at 3
| 2026-09-17T05:29:34.541Z expo:babel:exports Found assignment to module.exports or exports at 3
| 2026-09-17T05:29:34.542Z expo:babel:exports Found assignment to module.exports or exports at 4
| 2026-09-17T05:29:34.536Z expo:babel:server-data-loaders Skipping file outside app directory: C:\Users\iceku\Documents\Codex\2026-09-17\c-gps-ev\Gps_EV\EVChargingMap\node_modules\expo-glass-effect\build\index.js
| 2026-09-17T05:29:34.536Z expo:babel:server-data-loaders Skipping file outside app directory: C:\Users\iceku\Documents\Codex\2026-09-17\c-gps-ev\Gps_EV\EVChargingMap\node_modules\expo-glass-effect\build\index.js
| 2026-09-17T05:29:34.536Z expo:babel:server-data-loaders Skipping file outside app directory: C:\Users\iceku\Documents\Codex\2026-09-17\c-gps-ev\Gps_EV\EVChargingMap\node_modules\expo-glass-effect\build\index.js
| 2026-09-17T05:29:34.561Z expo:babel:server-data-loaders Skipping file outside app directory: C:\Users\iceku\Documents\Codex\2026-09-17\c-gps-ev\Gps_EV\EVChargingMap\node_modules\expo-glass-effect\build\isGlassEffectAPIAvailable.js
| 2026-09-17T05:29:34.562Z expo:babel:server-data-loaders Skipping file outside app directory: C:\Users\iceku\Documents\Codex\2026-09-17\c-gps-ev\Gps_EV\EVChargingMap\node_modules\expo-glass-effect\build\isLiquidGlassAvailable.js
| 2026-09-17T05:29:34.563Z expo:babel:server-data-loaders Skipping file outside app directory: C:\Users\iceku\Documents\Codex\2026-09-17\c-gps-ev\Gps_EV\EVChargingMap\node_modules\expo\src\dom\dom-hooks.ts
| 2026-09-17T05:29:34.569Z expo:babel:exports Found assignment to module.exports or exports at 36
| 2026-09-17T05:29:34.588Z expo:babel:exports Found assignment to module.exports or exports at 37
| 2026-09-17T05:29:34.590Z expo:babel:exports Found assignment to module.exports or exports at 37
| 2026-09-17T05:29:34.623Z expo:babel:exports Found assignment to module.exports or exports at 37
| 2026-09-17T05:29:34.627Z expo:babel:server-data-loaders Skipping file outside app directory: C:\Users\iceku\Documents\Codex\2026-09-17\c-gps-ev\Gps_EV\EVChargingMap\node_modules\expo\src\async-require\fetchThenEvalJs.ts
| 2026-09-17T05:29:34.650Z expo:babel:server-data-loaders Skipping file outside app directory: C:\Users\iceku\Documents\Codex\2026-09-17\c-gps-ev\Gps_EV\EVChargingMap\node_modules\expo\src\async-require\fetchAsync.ts
| 2026-09-17T05:29:34.653Z expo:babel:exports Found assignment to module.exports or exports at 3
| 2026-09-17T05:29:34.670Z expo:babel:server-data-loaders Skipping file outside app directory: C:\Users\iceku\Documents\Codex\2026-09-17\c-gps-ev\Gps_EV\EVChargingMap\node_modules\expo\src\async-require\errors.ts
| 2026-09-17T05:29:34.690Z expo:babel:server-data-loaders Skipping file outside app directory: C:\Users\iceku\Documents\Codex\2026-09-17\c-gps-ev\Gps_EV\EVChargingMap\node_modules\expo\src\dom\injection.ts
| 2026-09-17T05:29:34.690Z expo:babel:server-data-loaders Skipping file outside app directory: C:\Users\iceku\Documents\Codex\2026-09-17\c-gps-ev\Gps_EV\EVChargingMap\node_modules\expo\src\dom\injection.ts
| 2026-09-17T05:29:34.690Z expo:babel:server-data-loaders Skipping file outside app directory: C:\Users\iceku\Documents\Codex\2026-09-17\c-gps-ev\Gps_EV\EVChargingMap\node_modules\expo\src\dom\injection.ts
| 2026-09-17T05:29:34.690Z expo:babel:server-data-loaders Skipping file outside app directory: C:\Users\iceku\Documents\Codex\2026-09-17\c-gps-ev\Gps_EV\EVChargingMap\node_modules\expo\src\dom\injection.ts
| 2026-09-17T05:29:34.690Z expo:babel:server-data-loaders Skipping file outside app directory: C:\Users\iceku\Documents\Codex\2026-09-17\c-gps-ev\Gps_EV\EVChargingMap\node_modules\expo\src\dom\injection.ts
| 2026-09-17T05:29:34.690Z expo:babel:server-data-loaders Skipping file outside app directory: C:\Users\iceku\Documents\Codex\2026-09-17\c-gps-ev\Gps_EV\EVChargingMap\node_modules\expo\src\dom\injection.ts
| 2026-09-17T05:29:34.690Z expo:babel:server-data-loaders Skipping file outside app directory: C:\Users\iceku\Documents\Codex\2026-09-17\c-gps-ev\Gps_EV\EVChargingMap\node_modules\expo\src\dom\injection.ts
| 2026-09-17T05:29:34.690Z expo:babel:server-data-loaders Skipping file outside app directory: C:\Users\iceku\Documents\Codex\2026-09-17\c-gps-ev\Gps_EV\EVChargingMap\node_modules\expo\src\dom\injection.ts
| 2026-09-17T05:29:34.749Z expo:babel:server-data-loaders Skipping file outside app directory: C:\Users\iceku\Documents\Codex\2026-09-17\c-gps-ev\Gps_EV\EVChargingMap\node_modules\expo\src\dom\webview-bridge.ts
| 2026-09-17T05:29:34.759Z expo:babel:exports Found assignment to module.exports or exports at 3
| 2026-09-17T05:29:34.749Z expo:babel:server-data-loaders Skipping file outside app directory: C:\Users\iceku\Documents\Codex\2026-09-17\c-gps-ev\Gps_EV\EVChargingMap\node_modules\expo\src\dom\webview-bridge.ts
| 2026-09-17T05:29:34.781Z expo:babel:exports Found assignment to module.exports or exports at 4
| 2026-09-17T05:29:34.827Z expo:babel:exports Found assignment to module.exports or exports at 37
| 2026-09-17T05:29:34.865Z expo:babel:exports Found assignment to module.exports or exports at 4
| 2026-09-17T05:29:34.878Z expo:babel:exports Found assignment to module.exports or exports at 4
| 2026-09-17T05:29:34.916Z expo:babel:exports Found assignment to module.exports or exports at 4
| 2026-09-17T05:29:34.939Z expo:babel:exports Found assignment to module.exports or exports at 3
| 2026-09-17T05:29:34.950Z expo:babel:exports Found assignment to module.exports or exports at 36
| 2026-09-17T05:29:34.956Z expo:babel:exports Found assignment to module.exports or exports at 3
2026-09-17T05:29:35.144Z expo:metro-config:serializer:env-var Stripping environment variable polyfill in server environment.
2026-09-17T05:29:35.144Z expo:metro-config:serializer:env-var Skipping environment variable inlining in Node.js environment.
λ Bundled 39341ms node_modules\expo\node_modules\@expo\cli\node_modules\@expo\router-server\node\render.js (919 modules)
2026-09-17T05:29:35.857Z expo:metro-config:serializer:env-var Skipping environment variable inlining in production environment in favor of babel-preset-expo inlining with source maps.
Web Bundled 40133ms node_modules\expo-router\entry.js (838 modules)

Metro error: (0 , r(...).codegenNativeComponent) is not a function

  TypeError: (0 , r(...).codegenNativeComponent) is not a function
    at C:/Users/iceku/Documents/Codex/2026-09-17/c-gps-ev/Gps_EV/EVChargingMap/node_modules/expo/node_modules/@expo/cli/node_modules/@expo/router-server/node/render.js.bundle?platform=web&dev=false&hot=false&minify=true&transform.engine=hermes&transform.routerRoot=src%2Fapp&resolver.environment=node&transform.environment=node&resolver.exporting=true&unstable_transformProfile=hermes-stable:2751:207
    at g (C:/Users/iceku/Documents/Codex/2026-09-17/c-gps-ev/Gps_EV/EVChargingMap/node_modules/expo/node_modules/@expo/cli/node_modules/@expo/router-server/node/render.js.bundle?platform=web&dev=false&hot=false&minify=true&transform.engine=hermes&transform.routerRoot=src%2Fapp&resolver.environment=node&transform.environment=node&resolver.exporting=true&unstable_transformProfile=hermes-stable:2:1831)
    at d (C:/Users/iceku/Documents/Codex/2026-09-17/c-gps-ev/Gps_EV/EVChargingMap/node_modules/expo/node_modules/@expo/cli/node_modules/@expo/router-server/node/render.js.bundle?platform=web&dev=false&hot=false&minify=true&transform.engine=hermes&transform.routerRoot=src%2Fapp&resolver.environment=node&transform.environment=node&resolver.exporting=true&unstable_transformProfile=hermes-stable:2:1327)
    at i (C:/Users/iceku/Documents/Codex/2026-09-17/c-gps-ev/Gps_EV/EVChargingMap/node_modules/expo/node_modules/@expo/cli/node_modules/@expo/router-server/node/render.js.bundle?platform=web&dev=false&hot=false&minify=true&transform.engine=hermes&transform.routerRoot=src%2Fapp&resolver.environment=node&transform.environment=node&resolver.exporting=true&unstable_transformProfile=hermes-stable:2:552)
    at C:/Users/iceku/Documents/Codex/2026-09-17/c-gps-ev/Gps_EV/EVChargingMap/node_modules/expo/node_modules/@expo/cli/node_modules/@expo/router-server/node/render.js.bundle?platform=web&dev=false&hot=false&minify=true&transform.engine=hermes&transform.routerRoot=src%2Fapp&resolver.environment=node&transform.environment=node&resolver.exporting=true&unstable_transformProfile=hermes-stable:2749:850
    at g (C:/Users/iceku/Documents/Codex/2026-09-17/c-gps-ev/Gps_EV/EVChargingMap/node_modules/expo/node_modules/@expo/cli/node_modules/@expo/router-server/node/render.js.bundle?platform=web&dev=false&hot=false&minify=true&transform.engine=hermes&transform.routerRoot=src%2Fapp&resolver.environment=node&transform.environment=node&resolver.exporting=true&unstable_transformProfile=hermes-stable:2:1831)
    at d (C:/Users/iceku/Documents/Codex/2026-09-17/c-gps-ev/Gps_EV/EVChargingMap/node_modules/expo/node_modules/@expo/cli/node_modules/@expo/router-server/node/render.js.bundle?platform=web&dev=false&hot=false&minify=true&transform.engine=hermes&transform.routerRoot=src%2Fapp&resolver.environment=node&transform.environment=node&resolver.exporting=true&unstable_transformProfile=hermes-stable:2:1327)
    at i (C:/Users/iceku/Documents/Codex/2026-09-17/c-gps-ev/Gps_EV/EVChargingMap/node_modules/expo/node_modules/@expo/cli/node_modules/@expo/router-server/node/render.js.bundle?platform=web&dev=false&hot=false&minify=true&transform.engine=hermes&transform.routerRoot=src%2Fapp&resolver.environment=node&transform.environment=node&resolver.exporting=true&unstable_transformProfile=hermes-stable:2:552)
    at C:/Users/iceku/Documents/Codex/2026-09-17/c-gps-ev/Gps_EV/EVChargingMap/node_modules/expo/node_modules/@expo/cli/node_modules/@expo/router-server/node/render.js.bundle?platform=web&dev=false&hot=false&minify=true&transform.engine=hermes&transform.routerRoot=src%2Fapp&resolver.environment=node&transform.environment=node&resolver.exporting=true&unstable_transformProfile=hermes-stable:2748:595
    at g (C:/Users/iceku/Documents/Codex/2026-09-17/c-gps-ev/Gps_EV/EVChargingMap/node_modules/expo/node_modules/@expo/cli/node_modules/@expo/router-server/node/render.js.bundle?platform=web&dev=false&hot=false&minify=true&transform.engine=hermes&transform.routerRoot=src%2Fapp&resolver.environment=node&transform.environment=node&resolver.exporting=true&unstable_transformProfile=hermes-stable:2:1831)
2026-09-17T05:29:36.269Z expo:start:platforms:android:adbServer Stopping ADB server
2026-09-17T05:29:36.269Z expo:start:platforms:android:adbServer ADB server is not running
2026-09-17T05:29:36.269Z expo:start:server:devServer Stopping dev server (bundler: metro)
2026-09-17T05:29:36.270Z expo:start:server:devServer Stopped dev server (bundler: metro)
TypeError: (0 , r(...).codegenNativeComponent) is not a function
TypeError: (0 , r(...).codegenNativeComponent) is not a function
    at C:/Users/iceku/Documents/Codex/2026-09-17/c-gps-ev/Gps_EV/EVChargingMap/node_modules/expo/node_modules/@expo/cli/node_modules/@expo/router-server/node/render.js.bundle?platform=web&dev=false&hot=false&minify=true&transform.engine=hermes&transform.routerRoot=src%2Fapp&resolver.environment=node&transform.environment=node&resolver.exporting=true&unstable_transformProfile=hermes-stable:2751:207
    at g (C:/Users/iceku/Documents/Codex/2026-09-17/c-gps-ev/Gps_EV/EVChargingMap/node_modules/expo/node_modules/@expo/cli/node_modules/@expo/router-server/node/render.js.bundle?platform=web&dev=false&hot=false&minify=true&transform.engine=hermes&transform.routerRoot=src%2Fapp&resolver.environment=node&transform.environment=node&resolver.exporting=true&unstable_transformProfile=hermes-stable:2:1831)
    at d (C:/Users/iceku/Documents/Codex/2026-09-17/c-gps-ev/Gps_EV/EVChargingMap/node_modules/expo/node_modules/@expo/cli/node_modules/@expo/router-server/node/render.js.bundle?platform=web&dev=false&hot=false&minify=true&transform.engine=hermes&transform.routerRoot=src%2Fapp&resolver.environment=node&transform.environment=node&resolver.exporting=true&unstable_transformProfile=hermes-stable:2:1327)
    at i (C:/Users/iceku/Documents/Codex/2026-09-17/c-gps-ev/Gps_EV/EVChargingMap/node_modules/expo/node_modules/@expo/cli/node_modules/@expo/router-server/node/render.js.bundle?platform=web&dev=false&hot=false&minify=true&transform.engine=hermes&transform.routerRoot=src%2Fapp&resolver.environment=node&transform.environment=node&resolver.exporting=true&unstable_transformProfile=hermes-stable:2:552)
    at C:/Users/iceku/Documents/Codex/2026-09-17/c-gps-ev/Gps_EV/EVChargingMap/node_modules/expo/node_modules/@expo/cli/node_modules/@expo/router-server/node/render.js.bundle?platform=web&dev=false&hot=false&minify=true&transform.engine=hermes&transform.routerRoot=src%2Fapp&resolver.environment=node&transform.environment=node&resolver.exporting=true&unstable_transformProfile=hermes-stable:2749:850
    at g (C:/Users/iceku/Documents/Codex/2026-09-17/c-gps-ev/Gps_EV/EVChargingMap/node_modules/expo/node_modules/@expo/cli/node_modules/@expo/router-server/node/render.js.bundle?platform=web&dev=false&hot=false&minify=true&transform.engine=hermes&transform.routerRoot=src%2Fapp&resolver.environment=node&transform.environment=node&resolver.exporting=true&unstable_transformProfile=hermes-stable:2:1831)
    at d (C:/Users/iceku/Documents/Codex/2026-09-17/c-gps-ev/Gps_EV/EVChargingMap/node_modules/expo/node_modules/@expo/cli/node_modules/@expo/router-server/node/render.js.bundle?platform=web&dev=false&hot=false&minify=true&transform.engine=hermes&transform.routerRoot=src%2Fapp&resolver.environment=node&transform.environment=node&resolver.exporting=true&unstable_transformProfile=hermes-stable:2:1327)
    at i (C:/Users/iceku/Documents/Codex/2026-09-17/c-gps-ev/Gps_EV/EVChargingMap/node_modules/expo/node_modules/@expo/cli/node_modules/@expo/router-server/node/render.js.bundle?platform=web&dev=false&hot=false&minify=true&transform.engine=hermes&transform.routerRoot=src%2Fapp&resolver.environment=node&transform.environment=node&resolver.exporting=true&unstable_transformProfile=hermes-stable:2:552)
    at C:/Users/iceku/Documents/Codex/2026-09-17/c-gps-ev/Gps_EV/EVChargingMap/node_modules/expo/node_modules/@expo/cli/node_modules/@expo/router-server/node/render.js.bundle?platform=web&dev=false&hot=false&minify=true&transform.engine=hermes&transform.routerRoot=src%2Fapp&resolver.environment=node&transform.environment=node&resolver.exporting=true&unstable_transformProfile=hermes-stable:2748:595
    at g (C:/Users/iceku/Documents/Codex/2026-09-17/c-gps-ev/Gps_EV/EVChargingMap/node_modules/expo/node_modules/@expo/cli/node_modules/@expo/router-server/node/render.js.bundle?platform=web&dev=false&hot=false&minify=true&transform.engine=hermes&transform.routerRoot=src%2Fapp&resolver.environment=node&transform.environment=node&resolver.exporting=true&unstable_transformProfile=hermes-stable:2:1831)
